id,scenario_class,region,route,base,rate,entry,optimum_seconds,frozen_route_sha256,solver_route_input_sha256
PAL:route:reference,route,PAL,reference,20,300,15,7164.50060315366,6ab75ae3226c2ad68db875ed86fe14904839d2410256ac764190affaa7c06f64,c6d5a846a0083a209bff3d48dfab96ceb90308f68fcfb80a05efcd6b9ce8d54f
PAL:route:earlier,route,PAL,earlier,20,300,15,7276.03808179559,43cd79fc5292d60c7ba92ad5419a70165bf30d964d392843609effb0574dec66,b783be655cf15a583569c6d36e4a6c6d1c820fababa46ec5456b6f5b7d4aab83
PAL:route:later,route,PAL,later,20,300,15,7155.06062925252,9aa579ef8857c3a4f45761313312ef0e13aba2310b9640178fb6be8855b11ef1,ac10219c7e5a9c13ce2cb93079d949596f0d0bc692f5bd328c7993cf642932c7
PAL:route:missed_early,route,PAL,missed_early,20,300,15,7157.11503354578,96fccc84f3550e6d91640192c14c1e7a5969f1e347fb9a6d9308755d2238749d,7455e55e6f0017c5f9d318b7549b984265d87825e8832698fc67cb87b55e0157
PAL:route:missed_late,route,PAL,missed_late,20,300,15,7206.05332485661,a5e52202fe083f65004a1eb383eefb54b6098126ac8770db4cde912178a17c40,dc7adf1c8de488d95c695b960d1d72a838db1503d189c17e809b09ce267f9b19
PAL:route:fusion_early,route,PAL,fusion_early,20,300,15,6345.61272499396,36386df4a30cca41b945ac0c575933246b93b4a997450f7596b15b2067360edf,83e485394f25610f0e21499d90644f122a15cb2ac47da796873b188893faa0ad
PAL:route:fusion_late,route,PAL,fusion_late,20,300,15,7164.50060315366,81d916a47542e4a6c0623b4f0a58d9ccb950c9da56298810795e8654e719e55c,336f663b2fb6816c383be2187d359616be4416a1e90f8aff5cdfbf3492f8cc5f
PAL:route:missed_postgame,route,PAL,missed_postgame,20,300,15,6835.26587527034,935241a6a814784800ce146a3762ce6103aeec4897ce7b92658982082f48f17f,b9e2fa222f1ec848a913004c511f57dd6a36f5a6e1c7fefa527f8e3a02599611
PAL:timing:b15:r300:i15,timing,PAL,reference,15,300,15,5455.78169212641,6ab75ae3226c2ad68db875ed86fe14904839d2410256ac764190affaa7c06f64,c6d5a846a0083a209bff3d48dfab96ceb90308f68fcfb80a05efcd6b9ce8d54f
PAL:timing:b25:r300:i15,timing,PAL,reference,25,300,15,8800.39960357417,6ab75ae3226c2ad68db875ed86fe14904839d2410256ac764190affaa7c06f64,c6d5a846a0083a209bff3d48dfab96ceb90308f68fcfb80a05efcd6b9ce8d54f
PAL:timing:b20:r250:i15,timing,PAL,reference,20,250,15,7170.99318486836,6ab75ae3226c2ad68db875ed86fe14904839d2410256ac764190affaa7c06f64,c6d5a846a0083a209bff3d48dfab96ceb90308f68fcfb80a05efcd6b9ce8d54f
PAL:timing:b20:r350:i15,timing,PAL,reference,20,350,15,7151.32563145356,6ab75ae3226c2ad68db875ed86fe14904839d2410256ac764190affaa7c06f64,c6d5a846a0083a209bff3d48dfab96ceb90308f68fcfb80a05efcd6b9ce8d54f
PAL:timing:b20:r300:i12,timing,PAL,reference,20,300,12,7220.8484174157,6ab75ae3226c2ad68db875ed86fe14904839d2410256ac764190affaa7c06f64,c6d5a846a0083a209bff3d48dfab96ceb90308f68fcfb80a05efcd6b9ce8d54f
PAL:timing:b20:r300:i18,timing,PAL,reference,20,300,18,7126.92549560918,6ab75ae3226c2ad68db875ed86fe14904839d2410256ac764190affaa7c06f64,c6d5a846a0083a209bff3d48dfab96ceb90308f68fcfb80a05efcd6b9ce8d54f
NTSC-U:route:reference,route,NTSC-U,reference,20,300,15,6766.61768256026,f4948baf2235381192edd91fb36653bcdfa35ad5f7347d0be8e1ef7cf814c116,1a1abb41e8d16815b02b82f6f0d107bb4634728adff4ba337430d4dddac61d94
NTSC-U:route:earlier,route,NTSC-U,earlier,20,300,15,6859.5815184086,d9c1660382dc2f950535d8439b1bc62ee5043d91d60ffa7eaf8d55e6f8c29c83,016ba8e8f32efb21948307f71e93e554d438e4c3a9e97eece5e9d6f4cbcb7dc9
NTSC-U:route:later,route,NTSC-U,later,20,300,15,6760.87662138199,ef0d1973db3aced8b3a46f361dd0dcae886f4d32e96db6ec3be91293b97e805e,bc2e2c0cbd9408e272a03db7087f41ed68889a23e4d31f7bf09fafc3ac66a26f
NTSC-U:route:missed_early,route,NTSC-U,missed_early,20,300,15,6763.90552869217,e2dff2651c11d0d27e266ed615304f27698f7b6133355b3fbf5efc7a36b2c60a,41aaee6ae205ec52015857bc35dbd4dd493887fe28a37e59d2f328466e05a75b
NTSC-U:route:missed_late,route,NTSC-U,missed_late,20,300,15,6818.22221899746,951e950f9c678ed16003b1ecdccdedd882cc313bfe0f3f03a8950b08c921398f,0beca9bc49e1419246893bdff1d5f8eb83badf799644ea516cefe4126a6ce346
NTSC-U:route:fusion_early,route,NTSC-U,fusion_early,20,300,15,6071.07244914001,51ab309272c9c4575f2c1d80c005cbdb5f0708eddc4ac2c56d6b63309b91e65b,86b49b9a62820c10f00a982713cbf82fd6b9981428ddc1e7414b21853c738132
NTSC-U:route:fusion_late,route,NTSC-U,fusion_late,20,300,15,6766.61768256026,fe42c63f2aad0437b65ed11917ea50b51daf3f9dc6504670d74615dc8cef52b7,53578c16601e1322d51acc56411c804de371d9514fc3da41e166703889766994
NTSC-U:route:missed_postgame,route,NTSC-U,missed_postgame,20,300,15,6480.61780044914,d774168ec5a04e09248ca4d7158d5c536849ac21192c3e6c57cd1713aa7246e5,a4d8b425b070fa7af0c01159a74d77df46b981b90377eaeb66b05f7949daa912
NTSC-U:timing:b15:r300:i15,timing,NTSC-U,reference,15,300,15,5177.81103319617,f4948baf2235381192edd91fb36653bcdfa35ad5f7347d0be8e1ef7cf814c116,1a1abb41e8d16815b02b82f6f0d107bb4634728adff4ba337430d4dddac61d94
NTSC-U:timing:b25:r300:i15,timing,NTSC-U,reference,25,300,15,8234.55668492447,f4948baf2235381192edd91fb36653bcdfa35ad5f7347d0be8e1ef7cf814c116,1a1abb41e8d16815b02b82f6f0d107bb4634728adff4ba337430d4dddac61d94
NTSC-U:timing:b20:r250:i15,timing,NTSC-U,reference,20,250,15,6818.34837435497,f4948baf2235381192edd91fb36653bcdfa35ad5f7347d0be8e1ef7cf814c116,1a1abb41e8d16815b02b82f6f0d107bb4634728adff4ba337430d4dddac61d94
NTSC-U:timing:b20:r350:i15,timing,NTSC-U,reference,20,350,15,6714.07242121907,f4948baf2235381192edd91fb36653bcdfa35ad5f7347d0be8e1ef7cf814c116,1a1abb41e8d16815b02b82f6f0d107bb4634728adff4ba337430d4dddac61d94
