region,selection,policy_id,scenario,seconds,optimum_seconds,regret_seconds,regret_percent,used,purchased,dupes,trips,retained,lost,farmrupees,endS,endR
PAL,minimal,500,PAL:route:reference,16194.2,7164.50060315366,9029.69939684634,126.0338982018043,7849,4320,0,48,3581,10,43200,52,0
PAL,minimal,500,PAL:route:earlier,16194.8,7276.03808179559,8918.761918204409,122.5771748022988,7858,4320,0,48,3591,0,43200,53,0
PAL,minimal,500,PAL:route:later,16186.066666666666,7155.06062925252,9031.006037414147,126.2184418185371,7727,4320,0,48,3459,132,43200,52,0
PAL,minimal,500,PAL:route:missed_early,16187.6,7157.11503354578,9030.48496645422,126.17493115770607,7750,4320,0,48,3430,161,43200,0,0
PAL,minimal,500,PAL:route:missed_late,16730.8,7206.05332485661,9524.74667514339,132.1770218142664,7798,4500,0,50,3382,209,45000,84,0
PAL,minimal,500,PAL:route:fusion_early,16193.4,6345.61272499396,9847.78727500604,155.19048674713147,7837,4320,0,48,3569,22,43200,52,0
PAL,minimal,500,PAL:route:fusion_late,16197.666666666666,7164.50060315366,9033.166063513007,126.08228491929778,7901,4320,0,48,3581,10,43200,0,0
PAL,minimal,500,PAL:route:missed_postgame,15919.066666666666,6835.26587527034,9083.800791396327,132.8960856411025,7772,4230,0,47,3562,29,42300,20,0
PAL,minimal,500,PAL:timing:b15:r300:i15,15514.2,5455.78169212641,10058.418307873591,184.36255106008994,7849,4320,0,48,3581,10,43200,52,0
PAL,minimal,500,PAL:timing:b25:r300:i15,16874.2,8800.39960357417,8073.800396425831,91.7435657483867,7849,4320,0,48,3581,10,43200,52,0
PAL,minimal,500,PAL:timing:b20:r250:i15,17922.2,7170.99318486836,10751.206815131642,149.9263287241432,7849,4320,0,48,3581,10,43200,52,0
PAL,minimal,500,PAL:timing:b20:r350:i15,14959.914285714285,7151.32563145356,7808.588654260725,109.19078583020098,7849,4320,0,48,3581,10,43200,52,0
PAL,minimal,500,PAL:timing:b20:r300:i12,16322.75,7220.8484174157,9101.9015825843,126.05030678433515,7849,4320,0,48,3581,10,43200,52,0
PAL,minimal,500,PAL:timing:b20:r300:i18,16108.5,7126.92549560918,8981.574504390821,126.02312890634636,7849,4320,0,48,3581,10,43200,52,0
PAL,knee,6457,PAL:route:reference,7806.504299415238,7164.50060315366,642.0036962615777,8.960899465609387,3467.47379152927,239.241995482807,218.673416880225,2.65824439425342,3228.23179604955,362.768203950406,1438.42744711289,0,13.1583007484399
PAL,knee,6457,PAL:route:earlier,7806.504299415258,7276.03808179559,530.466217619668,7.290591550735244,3467.47379152927,239.241995482807,218.673416880225,2.65824439425342,3228.23179604955,362.768203950406,1438.42744711289,0,13.1583007484399
PAL,knee,6457,PAL:route:later,7719.6130669000295,7155.06062925252,564.5524376475096,7.890253722510911,3243.25450493025,214.25450493321,218.822111289699,2.38060561036901,3029,561.999999999996,1189.59907286233,0,14.3122509779707
PAL,knee,6457,PAL:route:missed_early,7843.207577519709,7157.11503354578,686.0925439739294,9.586160635370216,3242.93796593989,233.937965942657,222.142238670698,2.59931073269619,3009.00000000001,582,1381.04099933629,0,13.5221165416351
PAL,knee,6457,PAL:route:missed_late,7814.849395617602,7206.05332485661,608.7960707609918,8.44839808027796,3428.57099800219,239.731593902109,219.159339827531,2.66368437669009,3188.83940410367,402.160595896297,1442.6731943549,0,13.1900595396586
PAL,knee,6457,PAL:route:fusion_early,7791.27853963338,6345.61272499396,1445.6658146394202,22.7821311714354,3464.84315122739,233.848031618273,218.731848064476,2.59831146242525,3230.99511961217,360.004880387794,1384.91546163726,0,13.1910122842667
PAL,knee,6457,PAL:route:fusion_late,7792.457703720048,7164.50060315366,627.9571005663875,8.764841198980067,3462.18742131891,233.955625272414,218.784755208417,2.59950694747128,3228.23179604955,362.768203950406,1385.92378578681,0,13.1935675637453
PAL,knee,6457,PAL:route:missed_postgame,7844.637767667865,6835.26587527034,1009.3718923975248,14.767119682196757,3331.74059781528,241.088453460083,220.809962413753,2.67876059400092,3090.65214436072,500.347855639223,1454.34112250687,0,13.3248314236999
PAL,knee,6457,PAL:timing:b15:r300:i15,6033.137215014798,5455.78169212641,577.3555228883879,10.582452808212741,3467.47379152927,239.241995482807,218.673416880225,2.65824439425342,3228.23179604955,362.768203950406,1438.42744711289,0,13.1583007484399
PAL,knee,6457,PAL:timing:b25:r300:i15,9579.871383815676,8800.39960357417,779.4717802415071,8.857231663945518,3467.47379152927,239.241995482807,218.673416880225,2.65824439425342,3228.23179604955,362.768203950406,1438.42744711289,0,13.1583007484399
PAL,knee,6457,PAL:timing:b20:r250:i15,7864.041397299754,7170.99318486836,693.048212431394,9.664605648960974,3467.47379152927,239.241995482807,218.673416880225,2.65824439425342,3228.23179604955,362.768203950406,1438.42744711289,0,13.1583007484399
PAL,knee,6457,PAL:timing:b20:r350:i15,7765.40637235487,7151.32563145356,614.0807409013096,8.58694978453237,3467.47379152927,239.241995482807,218.673416880225,2.65824439425342,3228.23179604955,362.768203950406,1438.42744711289,0,13.1583007484399
PAL,knee,6457,PAL:timing:b20:r300:i12,7858.3843056594305,7220.8484174157,637.5358882437304,8.829099454658,3467.47379152927,239.241995482807,218.673416880225,2.65824439425342,3228.23179604955,362.768203950406,1438.42744711289,0,13.1583007484399
PAL,knee,6457,PAL:timing:b20:r300:i18,7771.917628585777,7126.92549560918,644.9921329765966,9.050075426970144,3467.47379152927,239.241995482807,218.673416880225,2.65824439425342,3228.23179604955,362.768203950406,1438.42744711289,0,13.1583007484399
PAL,compact,8911,PAL:route:reference,7322.454588049536,7164.50060315366,157.9539848958757,2.2046754358056404,3759.46698897198,250.213824809651,191.065454938527,2.91729888138243,3509.25316416365,81.7468358363581,1605.32942832324,0,10.5863464403866
PAL,compact,8911,PAL:route:earlier,7868.033260325305,7276.03808179559,591.9951785297144,8.136229798066436,3800.62009714637,445.366932983879,188.845697757701,5.0957898760345,3355.25316416364,235.746835836358,3562.70433973028,0,9.80951633330885
PAL,compact,8911,PAL:route:later,7329.2402068468255,7155.06062925252,174.17957759430556,2.434355019749174,3507.08890840913,249.088908409852,192.476409478432,2.89845891100019,3258.00000000001,333,1589.79724185458,0,10.7297439016579
PAL,compact,8911,PAL:route:missed_early,7329.2402068468255,7157.11503354578,172.12517330104583,2.4049518904514735,3507.08890840913,249.088908409852,192.476409478432,2.89845891100019,3258.00000000001,333,1589.79724185458,0,10.7297439016579
PAL,compact,8911,PAL:route:missed_late,7348.87861995023,7206.05332485661,142.8252950936203,1.982018292883814,3572.57161875472,249.318454604206,193.237457127137,2.89783575243946,3323.25316415164,267.74683584837,1589.86940784418,0,10.7977032709722
PAL,compact,8911,PAL:route:fusion_early,6712.014241496816,6345.61272499396,366.4015165028559,5.774091996816661,3719.15493161553,209.901767452951,165.437800355174,2.58956071303116,3509.25316416364,81.7468358363582,1295.56363398882,0,11.0943171873589
PAL,compact,8911,PAL:route:fusion_late,7322.454588049536,7164.50060315366,157.9539848958757,2.2046754358056404,3759.46698897198,250.213824809651,191.065454938527,2.91729888138243,3509.25316416365,81.7468358363581,1605.32942832324,0,10.5863464403866
PAL,compact,8911,PAL:route:missed_postgame,7344.77940343963,6835.26587527034,509.5135281692901,7.454187407876631,3538.49703243714,248.497032438274,193.270539340557,2.88846426448652,3289.99999999977,301.000000000228,1581.5945713319,0,10.813859030414
PAL,compact,8911,PAL:timing:b15:r300:i15,5687.1273133574,5455.78169212641,231.34562123099022,4.240375335487855,3759.46698897198,250.213824809651,191.065454938527,2.91729888138243,3509.25316416365,81.7468358363581,1605.32942832324,0,10.5863464403866
PAL,compact,8911,PAL:timing:b25:r300:i15,8957.781862741671,8800.39960357417,157.38225916750162,1.788353555031556,3759.46698897198,250.213824809651,191.065454938527,2.91729888138243,3509.25316416365,81.7468358363581,1605.32942832324,0,10.5863464403866
PAL,compact,8911,PAL:timing:b20:r250:i15,7386.667765182466,7170.99318486836,215.6745803141057,3.0075970615786454,3759.46698897198,250.213824809651,191.065454938527,2.91729888138243,3509.25316416365,81.7468358363581,1605.32942832324,0,10.5863464403866
PAL,compact,8911,PAL:timing:b20:r350:i15,7276.588032954586,7151.32563145356,125.26240150102603,1.75159694798523,3759.46698897198,250.213824809651,191.065454938527,2.91729888138243,3509.25316416365,81.7468358363581,1605.32942832324,0,10.5863464403866
PAL,compact,8911,PAL:timing:b20:r300:i12,7379.6612802834425,7220.8484174157,158.8128628677423,2.1993656934371777,3759.46698897198,250.213824809651,191.065454938527,2.91729888138243,3509.25316416365,81.7468358363581,1605.32942832324,0,10.5863464403866
PAL,compact,8911,PAL:timing:b20:r300:i18,7284.316793226932,7126.92549560918,157.39129761775166,2.2084038582235594,3759.46698897198,250.213824809651,191.065454938527,2.91729888138243,3509.25316416365,81.7468358363581,1605.32942832324,0,10.5863464403866
NTSC-U,minimal,500,NTSC-U:route:reference,12315.666666666666,6766.61768256026,5549.048984106406,82.00624365712403,7868,4320,0,36,3548,43,28800,0,0
NTSC-U,minimal,500,NTSC-U:route:earlier,12315.666666666666,6859.5815184086,5456.0851482580665,79.53962109227707,7880,4320,0,36,3591,0,28800,31,0
NTSC-U,minimal,500,NTSC-U:route:later,12314.733333333334,6760.87662138199,5553.856711951344,82.14699103348052,7738,4320,0,36,3470,121,28800,52,0
NTSC-U,minimal,500,NTSC-U:route:missed_early,12315.0,6763.90552869217,5551.09447130783,82.06936728729204,7761,4320,0,36,3441,150,28800,0,0
NTSC-U,minimal,500,NTSC-U:route:missed_late,12845.133333333333,6818.22221899746,6026.911114335873,88.39417256808125,7809,4560,0,38,3346,245,30400,97,0
NTSC-U,minimal,500,NTSC-U:route:fusion_early,12315.466666666667,6071.07244914001,6244.3942175266575,102.8548789334774,7859,4320,0,36,3539,52,28800,0,0
NTSC-U,minimal,500,NTSC-U:route:fusion_late,12581.0,6766.61768256026,5814.38231743974,85.92745430889741,7917,4440,0,37,3548,43,29600,71,0
NTSC-U,minimal,500,NTSC-U:route:missed_postgame,12314.933333333334,6480.61780044914,5834.315532884194,90.02715038186399,7797,4320,0,36,3587,4,28800,110,0
NTSC-U,minimal,500,NTSC-U:timing:b15:r300:i15,11635.666666666666,5177.81103319617,6457.855633470496,124.72173264083332,7868,4320,0,36,3548,43,28800,0,0
NTSC-U,minimal,500,NTSC-U:timing:b25:r300:i15,12995.666666666666,8234.55668492447,4761.109981742196,57.81865574450007,7868,4320,0,36,3548,43,28800,0,0
NTSC-U,minimal,500,NTSC-U:timing:b20:r250:i15,13467.666666666666,6818.34837435497,6649.3182923116965,97.52095268879154,7868,4320,0,36,3548,43,28800,0,0
NTSC-U,minimal,500,NTSC-U:timing:b20:r350:i15,11492.809523809523,6714.07242121907,4778.737102590453,71.17494126944166,7868,4320,0,36,3548,43,28800,0,0
NTSC-U,knee,6098,NTSC-U:route:reference,7351.998769178564,6766.61768256026,585.3810866183039,8.651014643948608,3622.62782997199,617.021115448307,171.627829972037,5.23786955059385,3042,549,3280.1374111833,36.3932854762691,9.48255986985752
NTSC-U,knee,6098,NTSC-U:route:earlier,7351.998769178564,6859.5815184086,492.4172507699641,7.1785319475903435,3622.62782997199,617.021115448307,171.627829972037,5.23786955059385,3042,549,3280.1374111833,36.3932854762691,9.48255986985752
NTSC-U,knee,6098,NTSC-U:route:later,7313.548079997596,6760.87662138199,552.6714586156058,8.174553235710938,3589.14930607605,612.393815347479,170.149306076089,5.20523370401356,3012,579,3255.31433727247,35.2445092713887,9.34928842319161
NTSC-U,knee,6098,NTSC-U:route:missed_early,7351.332102511897,6763.90552869217,587.4265738197264,8.684724695338964,3515.62782997199,617.021115448307,171.627829972037,5.23786955059385,2935,656,3280.1374111833,36.3932854762691,9.48255986985752
NTSC-U,knee,6098,NTSC-U:route:missed_late,7410.173271365031,6818.22221899746,591.9510523675708,8.681897323883502,3459.71354982397,625.937561567703,173.713549823975,5.30412456173342,2874,717,3331.23944411822,40.2240117437257,9.68143535329378
NTSC-U,knee,6098,NTSC-U:route:fusion_early,7351.998769178564,6071.07244914001,1280.926320038554,21.098847539202104,3622.62782997199,617.021115448307,171.627829972037,5.23786955059385,3042,549,3280.1374111833,36.3932854762691,9.48255986985752
NTSC-U,knee,6098,NTSC-U:route:fusion_late,7351.998769178564,6766.61768256026,585.3810866183039,8.651014643948608,3622.62782997199,617.021115448307,171.627829972037,5.23786955059385,3042,549,3280.1374111833,36.3932854762691,9.48255986985752
NTSC-U,knee,6098,NTSC-U:route:missed_postgame,7410.173271365031,6480.61780044914,929.5554709158905,14.34362432006818,3459.71354982397,625.937561567703,173.713549823975,5.30412456173342,2874,717,3331.23944411822,40.2240117437257,9.68143535329378
NTSC-U,knee,6098,NTSC-U:timing:b15:r300:i15,5813.859619318358,5177.81103319617,636.0485861221887,12.284121263683263,3622.62782997199,617.021115448307,171.627829972037,5.23786955059385,3042,549,3280.1374111833,36.3932854762691,9.48255986985752
NTSC-U,knee,6098,NTSC-U:timing:b25:r300:i15,8890.137919038767,8234.55668492447,655.5812341142973,7.961342172973462,3622.62782997199,617.021115448307,171.627829972037,5.23786955059385,3042,549,3280.1374111833,36.3932854762691,9.48255986985752
NTSC-U,knee,6098,NTSC-U:timing:b20:r250:i15,7483.2042656258955,6818.34837435497,664.8558912709259,9.750981539335363,3622.62782997199,617.021115448307,171.627829972037,5.23786955059385,3042,549,3280.1374111833,36.3932854762691,9.48255986985752
NTSC-U,knee,6098,NTSC-U:timing:b20:r350:i15,7258.280557430469,6714.07242121907,544.2081362113995,8.105485047964198,3622.62782997199,617.021115448307,171.627829972037,5.23786955059385,3042,549,3280.1374111833,36.3932854762691,9.48255986985752
NTSC-U,compact,8560,NTSC-U:route:reference,6917.354691915068,6766.61768256026,150.73700935480792,2.2276566584115645,3876.40379555083,374.605621380979,176.746539446346,3.33770217028571,3518.38540037961,72.6145996203868,1642.97736218969,16.5872262081919,8.45610909856276
NTSC-U,compact,8560,NTSC-U:route:earlier,7333.589913896494,6859.5815184086,474.00839548789463,6.910164916268289,3916.12374994536,568.422204838581,176.12455298131,4.94528522672617,3364.38540037959,226.614599620387,2936.0920748103,16.6838552717703,8.40515218566851
NTSC-U,compact,8560,NTSC-U:route:later,6934.40052124547,6760.87662138199,173.52389986348044,2.566588766236211,3665.25895640089,373.850587190367,177.774152098602,3.33257153370484,3308.00000000001,283,1633.86657073861,16.5916307884498,8.49682629882286
NTSC-U,compact,8560,NTSC-U:route:missed_early,6934.40052124547,6763.90552869217,170.4949925533001,2.5206589865879754,3665.25895640089,373.850587190367,177.774152098602,3.33257153370484,3308.00000000001,283,1633.86657073861,16.5916307884498,8.49682629882286
NTSC-U,compact,8560,NTSC-U:route:missed_late,6950.72792119341,6818.22221899746,132.5057021959501,1.943405449983024,3728.05018363319,374.018904849809,178.611324816309,3.33554565217482,3370.62656521377,220.373434786209,1631.7880659541,16.5952864292049,8.53132587577174
NTSC-U,compact,8560,NTSC-U:route:fusion_early,6527.999369911202,6071.07244914001,456.9269207711923,7.52629662385132,3850.25402588368,348.365291907515,159.331764780188,3.11878569516271,3518.38540037962,72.6145996203869,1541.04633367261,16.4966664025422,7.92096806995201
NTSC-U,compact,8560,NTSC-U:route:fusion_late,6917.354691915087,6766.61768256026,150.73700935482702,2.227656658411847,3876.40379555083,374.605621380979,176.746539446345,3.33770217028571,3518.38540037961,72.6145996203868,1642.97736218969,16.5872262081919,8.45610909856276
NTSC-U,compact,8560,NTSC-U:route:missed_postgame,6970.341999208107,6480.61780044914,489.72419875896685,7.55675174556701,3647.17173466079,373.772117601424,179.69543699325,3.3354438914991,3289.99999999999,301,1625.98235830257,16.6003829394964,8.57656554191053
NTSC-U,compact,8560,NTSC-U:timing:b15:r300:i15,5353.621994683813,5177.81103319617,175.810961487643,3.3954688643613564,3876.40379555083,374.605621380979,176.746539446346,3.33770217028571,3518.38540037961,72.6145996203868,1642.97736218969,16.5872262081919,8.45610909856276
NTSC-U,compact,8560,NTSC-U:timing:b25:r300:i15,8481.087389146322,8234.55668492447,246.53070422185192,2.9938552086621915,3876.40379555083,374.605621380979,176.746539446346,3.33770217028571,3518.38540037961,72.6145996203868,1642.97736218969,16.5872262081919,8.45610909856276
NTSC-U,compact,8560,NTSC-U:timing:b20:r250:i15,6983.073786402655,6818.34837435497,164.7254120476855,2.415913693516267,3876.40379555083,374.605621380979,176.746539446346,3.33770217028571,3518.38540037961,72.6145996203868,1642.97736218969,16.5872262081919,8.45610909856276
NTSC-U,compact,8560,NTSC-U:timing:b20:r350:i15,6870.41248156679,6714.07242121907,156.34006034772028,2.328542954848463,3876.40379555083,374.605621380979,176.746539446346,3.33770217028571,3518.38540037961,72.6145996203868,1642.97736218969,16.5872262081919,8.45610909856276
