region,role,route,seed,runs,mean_seconds,ci95_mean_low,ci95_mean_high,median_seconds,p90_seconds,p95_seconds,sd_seconds,exact_seconds
PAL,minimal,reference,20261120,20000,16194.1999999977,16194.1999999977,16194.1999999977,16194.2,16194.2,16194.2,2.28470780926282e-09,16194.2
PAL,minimal,earlier,20261121,20000,16194.8000000047,16194.8000000046,16194.8000000047,16194.8,16194.8,16194.8,4.67855771132481e-09,16194.8
PAL,minimal,later,20261122,20000,16186.0666666688,16186.0666666687,16186.0666666688,16186.0666666667,16186.0666666667,16186.0666666667,2.11189949566412e-09,16186.066666666666
PAL,minimal,missed_early,20261123,20000,16187.6000000047,16187.6000000046,16187.6000000047,16187.6,16187.6,16187.6,4.66218639740493e-09,16187.6
PAL,minimal,missed_late,20261124,20000,16730.8000000031,16730.8000000031,16730.8000000032,16730.8,16730.8,16730.8,3.14693034237633e-09,16730.8
PAL,minimal,fusion_early,20261125,20000,16193.400000004,16193.4000000039,16193.400000004,16193.4,16193.4,16193.4,3.98732445693001e-09,16193.4
PAL,minimal,fusion_late,20261126,20000,16197.6666666669,16197.6666666669,16197.6666666669,16197.6666666667,16197.6666666667,16197.6666666667,2.49207778558126e-10,16197.666666666666
PAL,minimal,missed_postgame,20261127,20000,15919.0666666744,15919.0666666743,15919.0666666745,15919.0666666667,15919.0666666667,15919.0666666667,7.73089823994186e-09,15919.066666666666
PAL,knee,reference,20261130,20000,7816.25858000044,7804.04841885214,7828.46874114875,7722.26666666667,8994.93333333333,9353.73333333333,881.025142854853,7806.504299415238
PAL,knee,earlier,20261131,20000,7802.39503333387,7790.22667221654,7814.5633944512,7719.2,8971,9326.73333333333,878.009058315462,7806.504299415258
PAL,knee,later,20261132,20000,7712.77203333359,7701.09350286279,7724.4505638044,7629.2,8842.06666666667,9220.8,842.665289294794,7719.6130669000295
PAL,knee,missed_early,20261133,20000,7840.40322333355,7828.50875499437,7852.29769167273,7747.46666666667,9000.2,9339.06666666667,858.246303257415,7843.207577519709
PAL,knee,missed_late,20261134,20000,7824.07973666647,7811.94719384135,7836.21227949158,7739.6,8992.33333333333,9351.13333333333,875.424586609365,7814.849395617602
PAL,knee,fusion_early,20261135,20000,7790.20052000051,7778.31632196428,7802.08471803674,7719.2,8935.13333333333,9274,857.505248735788,7791.27853963338
PAL,knee,fusion_late,20261136,20000,7786.3853533338,7774.59840775694,7798.17229891065,7702.33333333333,8935.13333333333,9274,850.487989842222,7792.457703720048
PAL,knee,missed_postgame,20261137,20000,7853.85019333306,7841.78718820727,7865.91319845886,7772.8,9025.53333333333,9369.53333333333,870.407088417744,7844.637767667865
PAL,compact,reference,20261140,20000,7327.98198000011,7317.59801602946,7338.36594397076,7279.13333333333,8319.06666666667,8647.73333333333,749.255741142576,7322.454588049536
PAL,compact,earlier,20261141,20000,7864.47178333353,7853.99832238552,7874.94524428153,7813.13333333333,8857.66666666667,9189.46666666667,755.713402617869,7868.033260325305
PAL,compact,later,20261142,20000,7331.81925666624,7321.40974507708,7342.2287682554,7282.33333333333,8319.13333333333,8650.93333333333,751.099131575553,7329.2402068468255
PAL,compact,missed_early,20261143,20000,7324.15183333294,7313.80263514721,7334.50103151868,7270.2,8309,8638.06666666667,746.747213183338,7329.2402068468255
PAL,compact,missed_late,20261144,20000,7355.73566000013,7345.3285854727,7366.14273452756,7294.93333333333,8356.26666666667,8662.4,750.92328519352,7348.87861995023
PAL,compact,fusion_early,20261145,20000,6705.34711000018,6696.16054985685,6714.5336701435,6644.6,7578.4,7880.4,662.856973328255,6712.014241496816
PAL,compact,fusion_late,20261146,20000,7323.54375333345,7313.09506199103,7333.99244467588,7271.4,8313,8634.93333333333,753.926149769076,7322.454588049536
PAL,compact,missed_postgame,20261147,20000,7347.45169333382,7337.05506047403,7357.84832619361,7287.8,8334.13333333333,8653.06666666667,750.169865839784,7344.77940343963
NTSC-U,minimal,reference,20261220,20000,12315.6666666643,12315.6666666642,12315.6666666643,12315.6666666667,12315.6666666667,12315.6666666667,2.40840218110189e-09,12315.666666666666
NTSC-U,minimal,earlier,20261221,20000,12315.6666666643,12315.6666666642,12315.6666666643,12315.6666666667,12315.6666666667,12315.6666666667,2.40840218110189e-09,12315.666666666666
NTSC-U,minimal,later,20261222,20000,12314.7333333327,12314.7333333327,12314.7333333327,12314.7333333333,12314.7333333333,12314.7333333333,6.00281510395485e-10,12314.733333333334
NTSC-U,minimal,missed_early,20261223,20000,12315.0000000049,12315.0000000049,12315.000000005,12315,12315,12315,4.92412742012297e-09,12315.0
NTSC-U,minimal,missed_late,20261224,20000,12845.1333333307,12845.1333333306,12845.1333333307,12845.1333333333,12845.1333333333,12845.1333333333,2.65033382014007e-09,12845.133333333333
NTSC-U,minimal,fusion_early,20261225,20000,12315.4666666625,12315.4666666624,12315.4666666625,12315.4666666667,12315.4666666667,12315.4666666667,4.19651346812844e-09,12315.466666666667
NTSC-U,minimal,fusion_late,20261226,20000,12580.999999994,12580.9999999939,12580.9999999941,12581,12581,12581,6.00281510395485e-09,12581.0
NTSC-U,minimal,missed_postgame,20261227,20000,12314.9333333301,12314.93333333,12314.9333333301,12314.9333333333,12314.9333333333,12314.9333333333,3.27790085373535e-09,12314.933333333334
NTSC-U,knee,reference,20261230,20000,7351.69699999988,7342.30485298932,7361.08914701044,7276.2,8313.2,8573.2,677.691109985227,7351.998769178564
NTSC-U,knee,earlier,20261231,20000,7345.0870999999,7335.6691204273,7354.50507957251,7256.2,8313.2,8593.2,679.555060541536,7351.998769178564
NTSC-U,knee,later,20261232,20000,7311.58791666682,7302.38133341542,7320.79449991822,7236.06666666667,8293.06666666667,8533.06666666667,664.301742274289,7313.548079997596
NTSC-U,knee,missed_early,20261233,20000,7355.87453333357,7346.50750253507,7365.24156413207,7275.53333333333,8312.53333333333,8572.53333333333,675.878847718578,7351.332102511897
NTSC-U,knee,missed_late,20261234,20000,7419.37039999995,7409.82707396017,7428.91372603973,7311,8372,8632,688.599444788939,7410.173271365031
NTSC-U,knee,fusion_early,20261235,20000,7347.65694999985,7338.34189543473,7356.97200456497,7276.2,8313.2,8553.2,672.128498490148,7351.998769178564
NTSC-U,knee,fusion_late,20261236,20000,7352.02419999987,7342.58993595206,7361.45846404767,7276.2,8313.2,8573.2,680.730068136896,7351.998769178564
NTSC-U,knee,missed_postgame,20261237,20000,7409.7021999999,7400.25146927066,7419.15293072915,7311,8352,8612,681.918222837821,7410.173271365031
NTSC-U,compact,reference,20261240,20000,6914.83619666688,6905.39586907882,6924.27652425494,6861.6,7810.4,8104.53333333333,681.167583362952,6917.354691915068
NTSC-U,compact,earlier,20261241,20000,7336.87117666667,7327.32096832975,7346.4213850036,7296.8,8235.33333333333,8555.13333333333,689.096037483402,7333.589913896494
NTSC-U,compact,later,20261242,20000,6941.34457666649,6931.85601621867,6950.8331371143,6898.53333333333,7855.4,8149.53333333333,684.647829171629,6934.40052124547
NTSC-U,compact,missed_early,20261243,20000,6933.19106666648,6923.65943241835,6942.72270091462,6896.46666666667,7849.46666666667,8135.33333333333,687.755822638792,6934.40052124547
NTSC-U,compact,missed_late,20261244,20000,6946.80655666647,6937.27863855505,6956.33447477789,6898.53333333333,7869.46666666667,8154.93333333333,687.487684500231,6950.72792119341
NTSC-U,compact,fusion_early,20261245,20000,6530.37378999983,6521.46559756006,6539.2819824396,6461.8,7393.33333333333,7675.13333333333,642.771329673598,6527.999369911202
NTSC-U,compact,fusion_late,20261246,20000,6919.45300333351,6909.86407281027,6929.04193385674,6879.46666666667,7835.13333333333,8150.26666666667,691.890039897802,6917.354691915087
NTSC-U,compact,missed_postgame,20261247,20000,6967.43761666663,6957.88732183926,6976.987911494,6917.93333333333,7888.8,8193.53333333333,689.102278208422,6970.341999208107
