scenario,region,seconds,optimum_seconds,regret_seconds,regret_percent
PAL:route:reference,PAL,7164.50060315366,7164.50060315366,0.0,0.0
PAL:route:earlier,PAL,7744.72357593088,7276.03808179559,468.68549413528945,6.44149314319733
PAL:route:later,PAL,7188.14177575828,7155.06062925252,33.081146505760444,0.46234613820758624
PAL:route:missed_early,PAL,7186.61915838023,7157.11503354578,29.504124834450522,0.41223488369494016
PAL:route:missed_late,PAL,7215.21769663937,7206.05332485661,9.1643717827601,0.1271760195160984
PAL:route:fusion_early,PAL,6345.61272499879,6345.61272499396,4.830326361116022e-09,7.612072419879074e-11
PAL:route:fusion_late,PAL,7164.50060315366,7164.50060315366,0.0,0.0
PAL:route:missed_postgame,PAL,7240.50785558615,6835.26587527034,405.24198031581,5.928693743749688
PAL:timing:b15:r300:i15,PAL,5473.40069310171,5455.78169212641,17.61900097529997,0.3229418251966915
PAL:timing:b25:r300:i15,PAL,8855.600513205609,8800.39960357417,55.20090963143957,0.6272545806785914
PAL:timing:b20:r250:i15,PAL,7177.207575292197,7170.99318486836,6.214390423837358,0.08666010779302445
PAL:timing:b20:r350:i15,PAL,7155.424194483277,7151.32563145356,4.098563029716388,0.057311934051635746
PAL:timing:b20:r300:i12,PAL,7220.861733790158,7220.8484174157,0.013316374457644997,0.00018441564879727597
PAL:timing:b20:r300:i18,PAL,7126.926516062663,7126.92549560918,0.0010204534828517353,1.4318284700470426e-05
NTSC-U:route:reference,NTSC-U,6766.61768256026,6766.61768256026,0.0,0.0
NTSC-U:route:earlier,NTSC-U,7206.17782159621,6859.5815184086,346.59630318761083,5.0527324773016185
NTSC-U:route:later,NTSC-U,6802.48416633291,6760.87662138199,41.60754495091987,0.6154164212867248
NTSC-U:route:missed_early,NTSC-U,6800.63518422321,6763.90552869217,36.7296555310395,0.5430243721653714
NTSC-U:route:missed_late,NTSC-U,6827.80513542392,6818.22221899746,9.582916426459633,0.1405486081072419
NTSC-U:route:fusion_early,NTSC-U,6071.07268318237,6071.07244914001,0.0002340423607165576,3.8550414721160274e-06
NTSC-U:route:fusion_late,NTSC-U,6766.61768256026,6766.61768256026,0.0,0.0
NTSC-U:route:missed_postgame,NTSC-U,6858.21807682162,6480.61780044914,377.60027637248004,5.826609252381931
NTSC-U:timing:b15:r300:i15,NTSC-U,5232.939407350984,5177.81103319617,55.12837415481408,1.0647042505292883
NTSC-U:timing:b25:r300:i15,NTSC-U,8300.295957769536,8234.55668492447,65.73927284506681,0.7983340859796363
NTSC-U:timing:b20:r250:i15,NTSC-U,6828.910572492908,6818.34837435497,10.56219813793814,0.15490845521570093
NTSC-U:timing:b20:r350:i15,NTSC-U,6722.122761179796,6714.07242121907,8.050339960725978,0.11990248921479883
