region,base_pull_seconds,farming_rupees_per_minute,entry_inputs_per_second,profile,optimum_seconds,practical_seconds,regret_seconds,regret_percent
PAL,15,300,15,reference,5479.19700839293,5495.255986972706,16.058978579775612,0.2930900012388088
PAL,15,300,15,earlier,5479.19700839293,5702.138206990445,222.9411985975148,4.068866263724734
PAL,15,300,15,balanced_50_50,5479.19700839293,5598.697096981576,119.50008858864567,2.18097813248178
PAL,20,300,15,reference,7183.7288958214,7183.728895813341,-8.059032552409917e-09,-1.1218453075390497e-10
PAL,20,300,15,earlier,7183.7288958214,7433.7597526268,250.0308568053997,3.4805163228088487
PAL,20,300,15,balanced_50_50,7183.7288958214,7308.744324220071,125.01542839867034,1.740258161348332
PAL,25,300,15,reference,8818.25599208124,8872.201804653974,53.94581257273421,0.6117514916915243
PAL,25,300,15,earlier,8818.25599208124,9165.381298263155,347.1253061819152,3.936439433076477
PAL,25,300,15,balanced_50_50,8818.25599208124,9018.791551458566,200.53555937732563,2.274095462384011
PAL,20,250,15,reference,7191.83163294926,7197.836544767721,6.004911818460641,0.08349627918080334
PAL,20,250,15,earlier,7191.83163294926,7459.000755027252,267.16912207799214,3.7148967844847918
PAL,20,250,15,balanced_50_50,7191.83163294926,7328.418649897487,136.58701694822685,1.899196531832804
PAL,20,350,15,reference,7171.12163014469,7173.6520037030705,2.5303735583802336,0.035285603687762006
PAL,20,350,15,earlier,7171.12163014469,7415.730465197906,244.60883505321544,3.4110261639542157
PAL,20,350,15,balanced_50_50,7171.12163014469,7294.691234450488,123.56960430579784,1.7231558838209888
PAL,20,300,12,reference,7240.15070798941,7240.159080714716,0.008372725305889617,0.00011564296992672302
PAL,20,300,12,earlier,7240.15070798941,7487.286885635139,247.13617764572882,3.413412062997768
PAL,20,300,12,balanced_50_50,7240.15070798941,7363.722983174927,123.57227518551736,1.7067638529838474
PAL,20,300,18,reference,7146.10851960705,7146.108772545758,0.0002529387083995971,3.5395307488768124e-06
PAL,20,300,18,earlier,7146.10851960705,7398.0749972879075,251.96647768085768,3.5259257117286658
PAL,20,300,18,balanced_50_50,7146.10851960705,7272.091884916833,125.98336530978304,1.7629646256297071
NTSC-U,15,300,15,reference,5201.13247713572,5255.5437540907005,54.41127695498017,1.0461428774247379
NTSC-U,15,300,15,earlier,5201.13247713572,5451.70901614034,250.57653900461992,4.817730371340458
NTSC-U,15,300,15,balanced_50_50,5201.13247713572,5353.62638511552,152.4939079797996,2.9319366243825895
NTSC-U,20,300,15,reference,6787.82936739131,6787.82936738733,-3.979948814958334e-09,-5.863360139955761e-11
NTSC-U,20,300,15,earlier,6787.82936739131,7010.41603334381,222.58666595249997,3.2792024357860985
NTSC-U,20,300,15,balanced_50_50,6787.82936739131,6899.12270036557,111.29333297426001,1.6396012178637325
NTSC-U,25,300,15,reference,8249.67412085965,8320.11498068396,70.44085982430988,0.8538623319216596
NTSC-U,25,300,15,earlier,8249.67412085965,8569.123050547281,319.4489296876309,3.8722611948984835
NTSC-U,25,300,15,balanced_50_50,8249.67412085965,8444.61901561562,194.94489475597038,2.3630617634100717
NTSC-U,20,250,15,reference,6840.81660640727,6850.809031709441,9.992425302170886,0.1460706502906648
NTSC-U,20,250,15,earlier,6840.81660640727,7087.21210612542,246.39549971814995,3.6018433747715166
NTSC-U,20,250,15,balanced_50_50,6840.81660640727,6969.010568917431,128.19396251016042,1.8739570125310907
NTSC-U,20,350,15,reference,6733.64928702784,6742.843892871536,9.194605843696081,0.13654714482099914
NTSC-U,20,350,15,earlier,6733.64928702784,6955.56169564266,221.91240861482038,3.2955741998967416
NTSC-U,20,350,15,balanced_50_50,6733.64928702784,6849.2027942570985,115.55350722925868,1.7160606723588772
