region,route,expected_seconds,optimum_seconds,regret_seconds,regret_percent,retained,lost,purchased,farmrupees,trips,pulls,dupes
PAL,reference,7645.97256835403,7183.72889581334,462.24367254068966,6.434592385718845,3489.99983584813,101.000164151837,278.245438297687,1769.1297926756,3.09161598108541,339.265124744726,203.265124744825
PAL,earlier,7642.82941733902,7295.94575196608,346.8836653729404,4.754471554006055,3489.99999999994,101.000000000015,269.827131287562,1679.0280114293,2.99807923652846,340.461950251486,204.461950251581
PAL,later,7669.50116515588,7174.23660763983,495.26455751604954,6.903376409256468,3258.00004570424,332.999954295687,278.252861085157,1758.91775280008,3.09169845650174,341.323472895901,205.323472895985
PAL,missed_early,7667.98562368015,7176.32988426773,491.6557394124193,6.8510749553229,3269.99984633169,321.000153668234,278.252429087185,1759.52422304147,3.09169365652428,341.201247405861,205.201247405949
PAL,missed_late,7696.78047023641,7225.86136513218,470.91910510422986,6.5171345159846625,3289.99976372152,301.000236278474,278.593011107177,1755.95650514875,3.09547790119085,342.596486945391,206.596486945469
PAL,fusion_early,6569.1483587299,6369.74475230708,199.4036064228203,3.130480328126141,3589.99990558481,1.00009441512463,97.6770187623748,208.027832028827,1.2358434054767,309.896479716321,173.896479716492
PAL,fusion_late,7657.04908742201,7183.72889581334,473.32019160867003,6.5887813762643495,3489.99983584813,101.000164151837,278.752007006501,1771.67973615787,3.09724452229445,339.768110885959,203.768110886057
PAL,missed_postgame,7279.34748826256,6851.95811450243,427.3893737601293,6.237477909497773,3339.99971720043,251.000282799517,145.284005584614,445.325976315638,1.61528491560282,341.769249575539,205.769249575738
NTSC-U,reference,7129.54496853127,6787.82936738733,341.71560114393924,5.034239705342907,3489.95254518738,101.0474548124,532.180388434509,2709.35663933292,4.43483681344018,304.775546030707,168.775546030799
NTSC-U,earlier,7130.06870940148,6880.58951414644,249.4791952550404,3.625840412977886,3489.95298151994,101.04701847985,523.807002829315,2648.40237401844,4.36505859054032,305.784079024848,169.784079024934
NTSC-U,later,7165.70006595197,6782.0599601637,383.64010578826947,5.656689973867606,3260.41554733046,330.584452669406,532.189257291041,2699.4136147417,4.43491072058066,306.776002756343,170.776002756421
NTSC-U,missed_early,7163.85582025342,6785.11963855832,378.73618169509973,5.581864460323243,3270.89134494191,320.108655057909,532.184583686609,2699.93332998134,4.43487177387637,306.66580914974,170.665809149822
NTSC-U,missed_late,7191.56508141784,6839.88164744889,351.68343396894943,5.141659638220769,3289.46186904555,301.538130954316,532.233673788311,2693.06567106529,4.43528085808338,308.104831434618,172.104831434691
NTSC-U,fusion_early,6270.39066785863,6086.55225702817,183.8384108304599,3.0204030634614343,3589.94947390912,1.05052609068647,213.861841804854,634.533205823491,1.78371994899292,296.555529354137,160.555529354242
NTSC-U,fusion_late,7137.01006645757,6787.82936738733,349.1806990702398,5.144217395150008,3489.95254518738,101.0474548124,532.516876863204,2709.88542447283,4.43764088392935,305.118742476358,169.118742476452
NTSC-U,missed_postgame,6890.76472366709,6500.75980675365,390.00491691343996,5.999374357875262,3339.95166893199,251.048331067809,383.420044471475,1692.94021140242,3.19516724073533,309.618193724651,173.618193724788
