region,route,route_sha256,seconds,minutes,pulls,duplicates,natural_retained,overflow,consumed,purchased,farming_pickups,farming_seconds,farmed_rupees_gross,farmed_rupees_retained,farmed_rupees_lost,purchase_rupees,refund_retained,refund_lost,trips,ending_shells,ending_rupees
PAL,reference,6ab75ae3226c2ad68db875ed86fe14904839d2410256ac764190affaa7c06f64,7183.72889581334,119.72881493022234,337.694581768127,201.694581768327,3589.99956849375,1.00043150612077,3723.50567585513,133.506705894518,17.6345611929741,70.5382447718964,352.691223859482,352.691223859481,1.0231815394945443e-12,1335.0670589451802,1008.46242095187,0.0104878898784235,1.48499829169209,0.000598529209863029,26.0865858669346
PAL,earlier,43cd79fc5292d60c7ba92ad5419a70165bf30d964d392843609effb0574dec66,7295.94575196608,121.59909586610134,341.192778511957,205.192778512199,3590.99916929286,0.000830707047524326,3739.94916864283,148.952696917119,24.131421092919,96.525684371676,482.62842185837997,482.628421858381,-1.0231815394945443e-12,1489.52696917119,1025.96388430297,8.25804200378076e-06,1.65565310120698,0.00269756225053332,19.0653369911201
PAL,later,9aa579ef8857c3a4f45761313312ef0e13aba2310b9640178fb6be8855b11ef1,7174.23660763983,119.57061012733051,337.448240301692,201.448240301876,3528.99960036672,62.0003996331774,3662.25802225931,133.259021597577,17.5720076224199,70.2880304896796,351.440152448398,351.440152448397,1.0231815394945443e-12,1332.5902159757702,1007.22777820527,0.0134233041767927,1.48222833008076,0.000599701088561308,26.077714678674
PAL,missed_early,96fccc84f3550e6d91640192c14c1e7a5969f1e347fb9a6d9308755d2238749d,7176.32988426773,119.60549807112884,337.608850997627,201.608850997803,3508.99959938216,82.0004006176811,3642.3817594241,133.382752941199,17.5951716065179,70.3806864260716,351.90343213035806,351.903432130358,5.684341886080802e-14,1333.8275294119899,1008.03036298587,0.0138920032084002,1.48361350052729,0.000592895310024067,26.1062657050083
PAL,missed_late,a5e52202fe083f65004a1eb383eefb54b6098126ac8770db4cde912178a17c40,7225.86136513218,120.431022752203,340.253343449105,204.253343449268,3389.99955585449,201.000444145408,3525.77456524031,135.775548514415,18.1430862387387,72.5723449549548,362.861724774774,362.861724774772,2.0463630789890885e-12,1357.7554851441498,1021.25601769692,0.0106995494482034,1.5103621219037,0.000539124922196651,26.3622573283138
PAL,fusion_early,36386df4a30cca41b945ac0c575933246b93b4a997450f7596b15b2067360edf,6369.74475230708,106.16241253845132,302.608753801475,166.608753801759,3589.99993293478,1.00006706513295,3664.03145393074,74.346171382713,2.56983166360791,10.27932665443164,51.396633272158205,51.3966332721582,7.105427357601002e-15,743.46171382713,832.965594471664,0.0781745373575304,1.02272038343834,0.314650382849352,140.900513917784
PAL,fusion_late,81d916a47542e4a6c0623b4f0a58d9ccb950c9da56298810795e8654e719e55c,7183.72889581334,119.72881493022234,337.694581768127,201.694581768327,3589.99956849375,1.00043150612077,3723.50567585513,133.506705894518,17.6345611929741,70.5382447718964,352.691223859482,352.691223859481,1.0231815394945443e-12,1335.0670589451802,1008.46242095187,0.0104878898784235,1.48499829169209,0.000598529209863029,26.0865858669346
PAL,missed_postgame,935241a6a814784800ce146a3762ce6103aeec4897ce7b92658982082f48f17f,6851.95811450243,114.19930190837384,323.949137548397,187.949137548547,3589.99656410855,1.00343589136785,3698.47986636246,108.483302963044,8.97204098089544,35.88816392358176,179.4408196179088,179.440819617909,-1.9895196601282805e-13,1084.83302963044,933.506325930397,6.2393618124992,1.2861518416539,7.06787208269116e-07,28.1141159183917
NTSC-U,reference,f4948baf2235381192edd91fb36653bcdfa35ad5f7347d0be8e1ef7cf814c116,6787.82936738733,113.1304894564555,306.457122659326,170.457122659445,3589.91023162398,1.08976837575304,3953.22164612592,363.311438690492,78.7245804026394,314.8983216105576,1574.491608052788,1574.49160805279,-2.0463630789890885e-12,2422.0762579366133,852.271876902863,0.0137363944184305,3.02776364261241,2.41858192432157e-05,4.68722701946386
NTSC-U,earlier,d9c1660382dc2f950535d8439b1bc62ee5043d91d60ffa7eaf8d55e6f8c29c83,6880.58951414644,114.67649190244066,308.181433994777,172.181433994924,3590.94859078035,0.0514092194397212,3981.24789005209,390.299325675282,87.3056804969676,349.2227219878704,1746.113609939352,1746.11360993936,-7.958078640513122e-12,2601.9955045018796,860.906971124215,0.000198850345247263,3.25249459166459,2.64006580174313e-05,5.02507656217278
NTSC-U,later,ef0d1973db3aced8b3a46f361dd0dcae886f4d32e96db6ec3be91293b97e805e,6782.0599601637,113.03433266939501,306.208351759345,170.208351759478,3528.9179170499,62.0820829497958,3891.97558774427,363.057694895246,78.7022504910454,314.8090019641816,1574.045009820908,1574.04500982091,-2.0463630789890885e-12,2420.3846326349735,851.028280953765,0.0134778437186107,3.02570449185457,2.41983812207946e-05,4.68865814012005
NTSC-U,missed_early,e2dff2651c11d0d27e266ed615304f27698f7b6133355b3fbf5efc7a36b2c60a,6785.11963855832,113.08532730930533,306.375781973369,170.375781973504,3508.91727392667,82.0827260730516,3871.98341761181,363.066167886323,78.6632585208643,314.6530340834572,1573.265170417286,1573.26517041729,-3.865352482534945e-12,2420.4411192421535,851.865123883101,0.0137859845026987,3.02578548875641,2.41985783864685e-05,4.68917505867734
NTSC-U,missed_late,951e950f9c678ed16003b1ecdccdedd882cc313bfe0f3f03a8950b08c921398f,6839.88164744889,113.99802745748151,309.183869376055,173.18386937619,3389.91304942314,201.086950576667,3753.91260343457,363.999578211345,78.2727708220034,313.0910832880136,1565.455416440068,1565.45541644007,-2.0463630789890885e-12,2426.6638547423,865.900135715294,0.0192111657254125,3.03350159380666,2.41973585022971e-05,4.69169741346939
NTSC-U,fusion_early,51ab309272c9c4575f2c1d80c005cbdb5f0708eddc4ac2c56d6b63309b91e65b,6086.55225702817,101.44253761713617,291.92411263126,155.924112631466,3589.93093319278,1.06906680687296,3759.68992329316,169.759915769312,18.5761202209162,74.3044808836648,371.52240441832396,371.522404418324,-5.684341886080802e-14,1131.7327717954133,778.692322117678,0.928241039764393,1.42649525721757,0.000925666336851408,18.4819547413883
NTSC-U,fusion_late,fe42c63f2aad0437b65ed11917ea50b51daf3f9dc6504670d74615dc8cef52b7,6787.82936738733,113.1304894564555,306.457122659326,170.457122659445,3589.91023162398,1.08976837575304,3953.22164612592,363.311438690492,78.7245804026394,314.8983216105576,1574.491608052788,1574.49160805279,-2.0463630789890885e-12,2422.0762579366133,852.271876902863,0.0137363944184305,3.02776364261241,2.41858192432157e-05,4.68722701946386
NTSC-U,missed_postgame,d774168ec5a04e09248ca4d7158d5c536849ac21192c3e6c57cd1713aa7246e5,6500.75980675365,108.3459967792275,299.922983697084,163.922983697209,3589.92607293792,1.07392706190975,3879.22314498371,289.297101766988,55.9096650338375,223.63866013535,1118.19330067675,1118.19330067675,0.0,1928.6473451132536,815.854509116195,3.76040936991438,2.41166578298613,2.97191038611515e-05,5.40046468029509
