region,threshold,seconds,residual
PAL,0,10420.4142874196,6.71316229272634e-07
PAL,1,9806.94878144759,0
PAL,2,9193.83794892026,8.82083895703545e-07
PAL,3,8892.67622539888,9.33359388000099e-07
PAL,4,8613.22594272432,9.36210199142806e-07
PAL,5,8155.58190803474,0
PAL,6,8031.10797454842,0
PAL,7,8022.90946907625,0
PAL,8,7859.61830442795,0
PAL,9,7848.58533309075,3.80723577109165e-08
PAL,10,7875.58261225874,1.36215021484531e-08
PAL,11,8027.02614531836,1.85546014108695e-08
PAL,12,8112.61369905021,1.25028236652724e-08
PAL,13,8308.97169226797,3.47754394169897e-08
PAL,14,8409.61548854761,0
PAL,15,8535.60632984576,0
PAL,16,8798.01281363025,0
PAL,17,8935.93659315996,0
PAL,18,9098.79052788932,0
PAL,19,9414.14974897822,0
PAL,20,9574.90522715231,0
PAL,21,9749.68660660729,0
PAL,22,9957.91482484575,0
PAL,23,10037.4955866824,2.88273440673947e-08
PAL,24,10207.6378926325,0
PAL,25,10286.2309637601,6.41304723103531e-07
PAL,26,10591.7530657559,5.31992554897442e-07
PAL,27,10731.5791933157,0
PAL,28,10866.817633279,5.63904904993251e-07
PAL,29,11002.3339802567,5.66506059840322e-07
PAL,30,11243.9213807577,0
PAL,31,11351.5842516958,3.72354406863451e-07
PAL,32,11480.6286316176,4.49421349912882e-07
PAL,33,11642.3983495984,5.4957126849331e-07
PAL,34,11913.2173508857,6.13466909271665e-07
PAL,35,12019.0991785067,5.38508174940944e-07
PAL,36,12158.6473146597,5.56759914616123e-07
PAL,37,12319.7841048013,5.80894266022369e-07
PAL,38,12425.1209583555,4.9391201173421e-07
PAL,39,12695.06447316,0
PAL,40,12832.2517227545,5.26333678863011e-07
PAL,41,12967.6643459742,0
PAL,42,13092.2549679143,4.3605723476503e-07
PAL,43,13243.4378778886,2.42998794419691e-08
PAL,44,13294.3784802612,5.08412995259278e-07
PAL,45,13398.5609659401,1.56251189764589e-08
PAL,46,13460.5389672099,5.0743437896017e-07
PAL,47,13507.1722972957,3.63834260497242e-07
PAL,48,13564.2977432589,4.51531377620995e-07
PAL,49,13558.3792337373,3.49573383573443e-07
PAL,50,13671.2500359678,3.87504769605584e-07
PAL,51,13758.5998409702,3.76541720470414e-07
PAL,52,13841.8093523811,3.47650711773895e-07
PAL,53,13905.6593797476,4.36557456851006e-07
PAL,54,13957.3628921903,4.30345608037896e-07
PAL,55,14061.3974005197,3.9545921026729e-07
PAL,56,14121.3177287428,3.50157279171981e-07
PAL,57,14148.8575610006,3.26263034367003e-07
PAL,58,14156.1342518644,3.17077137879096e-07
PAL,59,14258.02166754,3.86547981179319e-07
PAL,60,14303.4337669331,2.98201484838501e-07
PAL,61,14382.7629913509,2.74329067906365e-07
PAL,62,14423.9543504276,3.16913428832777e-07
PAL,63,14528.7370120751,2.09354766411707e-07
PAL,64,14588.4178038051,2.52661266131327e-07
PAL,65,14615.2061009485,2.49063305091113e-07
PAL,66,14642.2344747716,2.6584166334942e-07
PAL,67,14651.4232532163,2.15426553040743e-07
PAL,68,14755.9471934172,2.24314135266468e-07
PAL,69,14823.4392544448,2.57754436461255e-07
PAL,70,14885.8355795144,1.79588823812082e-07
PAL,71,14883.6301498365,1.69344275491312e-07
PAL,72,14997.0298610767,1.38505129143596e-07
PAL,73,14991.1112175388,1.46803358802572e-07
PAL,74,14987.7217225481,2.184824552387e-07
PAL,75,15016.818350943,1.00419129012153e-07
PAL,76,15055.1969907437,2.26820702664554e-07
PAL,77,15070.5829673719,1.681582944002e-07
PAL,78,15070.5827239497,1.28035026136786e-07
PAL,79,15120.7460295591,1.84321834240109e-07
PAL,80,15117.2024921986,1.50586856761947e-07
PAL,81,15117.2024921986,1.2935561244376e-07
PAL,82,15162.0517400589,6.2751496443525e-08
PAL,83,15162.0495007732,1.03133061202243e-07
PAL,84,15226.2343815163,1.08164385892451e-07
PAL,85,15225.5156821327,7.33707565814257e-08
PAL,86,15223.7518973733,3.30441253026947e-07
PAL,87,15223.2747609903,7.98827386461198e-08
PAL,88,15222.0216797888,2.0983861759305e-08
PAL,89,15222.0216797888,2.31702870223671e-08
PAL,90,15291.3229149836,7.02457327861339e-08
PAL,91,15291.3229149836,4.89380909129977e-08
PAL,92,15289.984576981,6.42830855213106e-08
PAL,93,15289.694008055,3.77840478904545e-08
PAL,94,15289.0414771426,2.08347046282142e-08
PAL,95,15288.9748104759,2.72848410531878e-09
PAL,96,15288.4081626253,1.02809281088412e-08
PAL,97,15288.4081626253,2.13549355976284e-09
PAL,98,15288.1333333333,1.99725036509335e-09
PAL,99,15288.1333333333,0
PAL,100,15288.1333333333,0
NTSC-U,0,10420.4142874183,5.74981640966143e-07
NTSC-U,1,9795.08210134138,9.36046035349136e-07
NTSC-U,2,9170.22961486296,9.2609616331174e-07
NTSC-U,3,8863.15483794738,9.11907136469381e-07
NTSC-U,4,8427.63725065039,9.0899266069755e-07
NTSC-U,5,8064.21121464092,9.09587015485158e-07
NTSC-U,6,7839.54914581965,8.85592726262985e-07
NTSC-U,7,7748.75838325142,0
NTSC-U,8,7546.22995814536,0
NTSC-U,9,7478.86896274067,0
NTSC-U,10,7439.0422104335,1.12913767225109e-08
NTSC-U,11,7440.23147595941,1.28111423691735e-08
NTSC-U,12,7466.70439234439,1.38434188556857e-08
NTSC-U,13,7504.9420506275,3.54557414539158e-08
NTSC-U,14,7550.23554314955,2.7220266929362e-08
NTSC-U,15,7618.98963960767,0
NTSC-U,16,7724.11894351668,0
NTSC-U,17,7799.19292411439,7.85833435656969e-07
NTSC-U,18,7859.72629582035,1.35432856041007e-08
NTSC-U,19,8059.51266735033,7.94097559264628e-07
NTSC-U,20,8121.0485250086,0
NTSC-U,21,8221.7907655935,0
NTSC-U,22,8345.96284065854,0
NTSC-U,23,8388.60705303379,3.84916347684339e-08
NTSC-U,24,8470.05593977869,6.35485776001588e-07
NTSC-U,25,8514.95885858765,6.41305632598232e-07
NTSC-U,26,8679.78222092538,1.1235533747822e-07
NTSC-U,27,8750.8570841772,6.33618583378848e-07
NTSC-U,28,8833.83863870513,2.42998794419691e-08
NTSC-U,29,8904.19071671684,5.6650515034562e-07
NTSC-U,30,9073.36091594335,0
NTSC-U,31,9109.96371226449,5.68457835470326e-07
NTSC-U,32,9191.98924986828,5.64686160942074e-07
NTSC-U,33,9302.5561237118,4.55656845588237e-09
NTSC-U,34,9494.65949030537,6.24559106654488e-07
NTSC-U,35,9554.98659846642,5.67214556213003e-07
NTSC-U,36,9611.79495431268,5.25113136973232e-07
NTSC-U,37,9725.02038744087,5.80894266022369e-07
NTSC-U,38,9784.08303369655,5.61221895623021e-07
NTSC-U,39,9960.57532948258,2.57989086094312e-07
NTSC-U,40,10073.0807488454,0
NTSC-U,41,10130.3323123146,0
NTSC-U,42,10258.1857451959,1.02438207250088e-07
NTSC-U,43,10318.5749690572,3.9166297938209e-07
NTSC-U,44,10374.9460920826,5.08412995259278e-07
NTSC-U,45,10428.5049657885,1.28238752949983e-09
NTSC-U,46,10468.7585477057,5.07436197949573e-07
NTSC-U,47,10494.0367520503,4.20139258494601e-07
NTSC-U,48,10537.893983808,4.38110873801634e-07
NTSC-U,49,10537.893983808,4.48599166702479e-07
NTSC-U,50,10613.3136963776,4.40011717728339e-07
NTSC-U,51,10684.1530325481,3.64811057806946e-07
NTSC-U,52,10696.5755373005,4.1796374716796e-07
NTSC-U,53,10774.35349553,3.65040250471793e-07
NTSC-U,54,10810.8642691933,4.43291355622932e-07
NTSC-U,55,10865.5127748786,4.18609488406219e-07
NTSC-U,56,10888.0431466681,2.78139850706793e-07
NTSC-U,57,10909.2518639051,3.28071109834127e-07
NTSC-U,58,10920.2756416232,2.35433617490344e-07
NTSC-U,59,10996.0367596908,3.50160917150788e-07
NTSC-U,60,11017.4989316367,3.02823536912911e-07
NTSC-U,61,11075.202429357,2.37207132158801e-07
NTSC-U,62,11089.4809556317,1.64209268405102e-07
NTSC-U,63,11178.4159644314,1.63465301739052e-07
NTSC-U,64,11220.6446076935,1.52742359205149e-07
NTSC-U,65,11233.1344444718,2.73588739219122e-07
NTSC-U,66,11251.8157856517,3.0059163691476e-07
NTSC-U,67,11253.1640247327,1.62064679898322e-07
NTSC-U,68,11291.7415187078,2.39811924984679e-07
NTSC-U,69,11382.6151256118,1.28799001686275e-07
NTSC-U,70,11421.4737563842,2.74951162282377e-07
NTSC-U,71,11421.0251460896,1.81982613867149e-07
NTSC-U,72,11461.4834819665,2.44170223595574e-07
NTSC-U,73,11461.4142827609,8.77498678164557e-08
NTSC-U,74,11461.0485930659,1.90733771887608e-07
NTSC-U,75,11503.5693505892,1.74613887793384e-07
NTSC-U,76,11503.5693505977,9.24574123928323e-08
NTSC-U,77,11593.6074835967,1.62777723744512e-07
NTSC-U,78,11593.2915999236,1.99201167561114e-07
NTSC-U,79,11592.8569736361,1.36533344630152e-07
NTSC-U,80,11588.1163056204,9.17116267373785e-08
NTSC-U,81,11588.1163056204,7.94098014011979e-08
NTSC-U,82,11634.1434329655,1.08613676275127e-07
NTSC-U,83,11632.1697403582,1.50324922287837e-07
NTSC-U,84,11630.5010487413,1.19673131848685e-07
NTSC-U,85,11630.5010481842,1.10634573502466e-07
NTSC-U,86,11630.2358771323,1.1124211596325e-07
NTSC-U,87,11627.546596098,1.11413100967184e-07
NTSC-U,88,11626.2854488717,4.28553903475404e-08
NTSC-U,89,11626.2854488717,6.67059794068336e-08
NTSC-U,90,11677.3229149836,4.40832081949338e-08
NTSC-U,91,11676.3094936103,2.87436705548316e-08
NTSC-U,92,11675.6512436477,3.2943717087619e-08
NTSC-U,93,11674.8711322716,5.64432411920279e-08
NTSC-U,94,11674.4414771426,1.55650923261419e-08
NTSC-U,95,11673.8852201277,2.38032953348011e-08
NTSC-U,96,11673.674829292,1.02827470982447e-08
NTSC-U,97,11673.3333333334,1.28002284327522e-08
NTSC-U,98,11673.3333333334,4.00177668780088e-10
NTSC-U,99,11673.3333333334,0
NTSC-U,100,11673.3333333334,0
