owned,changed_states,max_old_action_bellman_gap,max_old_layer_value_gap
135,0,7.105427357601e-15,0
134,0,5.6843418860808e-14,0
133,0,1.13686837721616e-13,0
132,0,2.27373675443232e-13,0
131,0,0,0
130,0,0,0
129,0,5.6843418860808e-14,0
128,0,0,0
127,0,0,0
126,0,0,0
125,21678,9.14464180823416e-07,9.14464180823416e-07
124,20402,1.18716570796096e-06,1.18716593533463e-06
123,24400,7.06677383277565e-09,7.06677383277565e-09
122,24588,3.66890162695199e-09,3.66890162695199e-09
121,18838,4.7034518502187e-09,4.7034518502187e-09
120,20160,4.59885995951481e-09,4.59885995951481e-09
119,14014,4.17821865994483e-09,4.17821865994483e-09
118,9068,3.82806319976225e-09,3.82806319976225e-09
117,8290,3.31010596710257e-09,3.31010596710257e-09
116,6364,2.77077560895123e-09,2.77077560895123e-09
115,4854,2.27691998588853e-09,2.27691998588853e-09
114,4000,1.83354131877422e-09,1.83354131877422e-09
113,3960,1.35423761093989e-09,1.35423761093989e-09
112,3636,1.64163793670014e-09,1.64163793670014e-09
111,3066,2.07819539355114e-09,2.07819539355114e-09
110,2618,2.41971065406688e-09,2.41971065406688e-09
109,2764,2.64481059275568e-09,2.64481059275568e-09
108,2460,2.72575562121347e-09,2.72575562121347e-09
107,2090,2.68391886493191e-09,2.68391886493191e-09
106,1712,2.61570676229894e-09,2.61570676229894e-09
105,1716,2.5465851649642e-09,2.5465851649642e-09
104,1512,2.46654963120818e-09,2.46654963120818e-09
103,1420,2.36832420341671e-09,2.36832420341671e-09
102,1000,2.25372787099332e-09,2.25372787099332e-09
101,954,2.12457962334156e-09,2.12457962334156e-09
100,792,1.99361238628626e-09,1.99361238628626e-09
99,786,1.86628312803805e-09,1.86628312803805e-09
98,730,1.73531589098275e-09,1.73531589098275e-09
97,590,1.56614987645298e-09,1.56614987645298e-09
96,526,1.38970790430903e-09,1.38970790430903e-09
95,510,1.2196323950775e-09,1.2196323950775e-09
94,510,1.0550138540566e-09,1.0550138540566e-09
93,640,9.03128238860518e-10,9.03128238860518e-10
92,508,7.62156560085714e-10,7.62156560085714e-10
91,522,6.16637407802045e-10,6.16637407802045e-10
90,502,4.53837856184691e-10,4.53837856184691e-10
89,614,2.38287611864507e-10,2.38287611864507e-10
88,414,1.44609657581896e-10,1.44609657581896e-10
87,380,1.67347025126219e-10,1.67347025126219e-10
86,374,1.83717929758132e-10,1.83717929758132e-10
85,396,1.98269844986498e-10,1.98269844986498e-10
84,414,2.10093276109546e-10,2.10093276109546e-10
83,436,2.21916707232594e-10,2.21916707232594e-10
82,390,2.33740138355643e-10,2.33740138355643e-10
81,370,2.43744580075145e-10,2.43744580075145e-10
80,370,2.5465851649642e-10,2.5465851649642e-10
79,380,2.65572452917695e-10,2.65572452917695e-10
78,338,2.72848410531878e-10,2.72848410531878e-10
77,414,2.81943357549608e-10,2.81943357549608e-10
76,388,2.90128809865564e-10,2.90128809865564e-10
75,402,2.9831426218152e-10,2.9831426218152e-10
74,292,3.04680725093931e-10,3.04680725093931e-10
73,278,3.11956682708114e-10,3.11956682708114e-10
72,268,3.18323145620525e-10,3.18323145620525e-10
71,278,3.23780113831162e-10,3.23780113831162e-10
70,262,3.28327587340027e-10,3.28327587340027e-10
69,264,3.32875060848892e-10,3.32875060848892e-10
68,252,3.36513039655983e-10,3.36513039655983e-10
67,266,3.39241523761302e-10,3.39241523761302e-10
66,262,3.41970007866621e-10,3.41970007866621e-10
65,264,3.4469849197194e-10,3.4469849197194e-10
64,378,3.45607986673713e-10,3.45607986673713e-10
63,250,3.47426976077259e-10,3.47426976077259e-10
62,220,3.48336470779032e-10,3.48336470779032e-10
61,194,3.49245965480804e-10,3.49245965480804e-10
60,194,3.49245965480804e-10,3.49245965480804e-10
59,170,3.50155460182577e-10,3.50155460182577e-10
58,150,3.48336470779032e-10,3.48336470779032e-10
57,150,3.48336470779032e-10,3.48336470779032e-10
56,150,3.48336470779032e-10,3.48336470779032e-10
55,128,3.47426976077259e-10,3.47426976077259e-10
54,104,3.48336470779032e-10,3.48336470779032e-10
53,90,3.47426976077259e-10,3.47426976077259e-10
52,116,3.46517481375486e-10,3.46517481375486e-10
51,82,3.45607986673713e-10,3.45607986673713e-10
50,62,3.41970007866621e-10,3.41970007866621e-10
49,64,3.40151018463075e-10,3.40151018463075e-10
48,44,3.38332029059529e-10,3.38332029059529e-10
47,44,3.35603544954211e-10,3.35603544954211e-10
46,22,3.30146576743573e-10,3.30146576743573e-10
45,22,3.292370820418e-10,3.292370820418e-10
44,26,3.27418092638254e-10,3.27418092638254e-10
43,0,3.63797880709171e-12,0
42,0,1.81898940354586e-12,0
41,0,1.81898940354586e-12,0
40,0,1.81898940354586e-12,0
39,0,5.45696821063757e-12,0
38,0,1.81898940354586e-12,0
37,0,1.81898940354586e-12,0
36,0,3.63797880709171e-12,0
35,0,1.81898940354586e-12,0
34,0,0,0
33,0,1.81898940354586e-12,0
32,0,5.45696821063757e-12,0
31,2,3.63797880709171e-12,1.81898940354586e-12
30,0,1.81898940354586e-12,0
29,0,3.63797880709171e-12,0
28,0,3.63797880709171e-12,0
27,0,1.81898940354586e-12,0
26,0,3.63797880709171e-12,0
25,2,1.81898940354586e-12,0
24,0,3.63797880709171e-12,0
23,0,1.81898940354586e-12,0
22,0,1.81898940354586e-12,0
21,0,1.81898940354586e-12,0
20,0,1.81898940354586e-12,0
19,0,1.81898940354586e-12,0
18,0,5.45696821063757e-12,0
17,0,1.81898940354586e-12,0
16,0,5.45696821063757e-12,0
15,0,3.63797880709171e-12,0
14,0,1.81898940354586e-12,0
13,0,1.81898940354586e-12,0
12,0,1.81898940354586e-12,0
11,0,1.81898940354586e-12,0
10,0,1.81898940354586e-12,0
9,0,1.81898940354586e-12,0
8,0,1.81898940354586e-12,0
7,0,1.81898940354586e-12,0
6,0,0,0
5,0,1.81898940354586e-12,0
4,0,3.63797880709171e-12,0
3,0,1.81898940354586e-12,0
2,0,0,0
1,378,1.81898940354586e-12,1.81898940354586e-12
0,0,0,0
