label,quantity,line,flag,kind,raw,included,reference_timing,prerequisites,evidence
gUnk_080D9328,200,3663,90,small chest,"tile_entity type=0x2, paramA=0x5a, paramB=0xc83f, paramC=0x107",True,post-Vaati cleanup,Royal Valley maze secret route,EU-preprocessed text record
TileEntities_RoyalValleyGraves_Gina,100,3716,94,small chest,"tile_entity type=0x2, paramA=0x5e, paramB=0x643f, paramC=0x87",True,post-Vaati cleanup,Royal Valley/Gina grave access,EU-preprocessed text record
TileEntities_MinishRafters_Stockwell,10,3806,119,small chest,"tile_entity type=0x2, paramA=0x77, paramB=0xa3f, paramC=0x257",True,post-Vaati cleanup,Minish town access,EU-preprocessed text record
TileEntities_MinishCaves_Ruins,10,5368,105,small chest,"tile_entity type=0x2, paramA=0x69, paramB=0xa3f, paramC=0xd4",True,post-Vaati cleanup,Wind Ruins access; Minish entrance,EU-preprocessed text record
TileEntities_CastleGardenMinishHoles_East,50,5645,100,small chest,"tile_entity type=0x2, paramA=0x64, paramB=0x323f, paramC=0x147",True,post-Vaati cleanup,Minish cave entrances in Castle Garden,EU-preprocessed text record
TileEntities_CastleGardenMinishHoles_West,50,5665,101,small chest,"tile_entity type=0x2, paramA=0x65, paramB=0x323f, paramC=0x147",True,post-Vaati cleanup,Minish cave entrances in Castle Garden,EU-preprocessed text record
TileEntities_37_0,100,5685,102,small chest,"tile_entity type=0x2, paramA=0x66, paramB=0x643f, paramC=0x147",False,post-Vaati cleanup,See room/fusion gate; accessible by completionist postgame,EU-preprocessed text record
TileEntities_37_1,100,5705,103,small chest,"tile_entity type=0x2, paramA=0x67, paramB=0x643f, paramC=0x147",False,post-Vaati cleanup,See room/fusion gate; accessible by completionist postgame,EU-preprocessed text record
TileEntities_CloudTops_Middle,50,6347,222,small chest,"tile_entity type=0x2, paramA=0xde, paramB=0x323f, paramC=0x85",True,post-Vaati cleanup,Royal Crypt/Cloud Tops progression,EU-preprocessed text record
TileEntities_CloudTops_Middle,50,6348,223,small chest,"tile_entity type=0x2, paramA=0xdf, paramB=0x323f, paramC=0x89",True,post-Vaati cleanup,Royal Crypt/Cloud Tops progression,EU-preprocessed text record
TileEntities_CloudTops_Middle,50,6349,224,small chest,"tile_entity type=0x2, paramA=0xe0, paramB=0x323f, paramC=0xcc7",True,post-Vaati cleanup,Royal Crypt/Cloud Tops progression,EU-preprocessed text record
TileEntities_CloudTops_Middle,50,6350,225,small chest,"tile_entity type=0x2, paramA=0xe1, paramB=0x323f, paramC=0xaa1",True,post-Vaati cleanup,Royal Crypt/Cloud Tops progression,EU-preprocessed text record
TileEntities_Ruins_Armos,50,6833,52,small chest,"tile_entity type=0x2, paramA=0x34, paramB=0x323f, paramC=0x56",True,post-Vaati cleanup,Wind Ruins progression,EU-preprocessed text record
TileEntities_DeepwoodShrine_BluePortal,10,6964,34,small chest,"tile_entity type=0x2, paramA=0x22, paramB=0xa3f, paramC=0xc6",True,Deepwood Shrine,Dungeon access,EU-preprocessed text record
TileEntities_DeepwoodShrine_BluePortal,10,6965,35,small chest,"tile_entity type=0x2, paramA=0x23, paramB=0xa3f, paramC=0xc7",True,Deepwood Shrine,Dungeon access,EU-preprocessed text record
TileEntities_DeepwoodShrine_StairsToB1,20,7003,36,small chest,"tile_entity type=0x2, paramA=0x24, paramB=0x143f, paramC=0x205",True,Deepwood Shrine,Dungeon access,EU-preprocessed text record
TileEntities_DeepwoodShrine_Barrel,10,7127,43,small chest,"tile_entity type=0x2, paramA=0x2b, paramB=0xa3f, paramC=0xc4",True,Deepwood Shrine,Dungeon access,EU-preprocessed text record
TileEntities_FortressOfWinds_Wizzrobe,80,9394,67,small chest,"tile_entity type=0x2, paramA=0x43, paramB=0x503f, paramC=0x187",True,Fortress of Winds,Dungeon access; Mole Mitts for outer ground item,EU-preprocessed text record
TileEntities_TempleOfDroplets_LilypadIceBlocks,100,10479,90,small chest,"tile_entity type=0x2, paramA=0x5a, paramB=0x643f, paramC=0x4d6",True,Temple of Droplets,Flippers and Lantern; melt chest,EU-preprocessed text record
TileEntities_HyruleTownMinishCaves_WestFrozenChest,100,16157,21,small chest,"tile_entity type=0x2, paramA=0x15, paramB=0x643f, paramC=0x107",True,post-Vaati cleanup,Flippers and Lantern,EU-preprocessed text record
TileEntities_CastleGarden_Main,100,16413,18,small chest,"tile_entity type=0x2, paramA=0x12, paramB=0x643f, paramC=0x782",True,post-Vaati cleanup,Flippers; water entrance,EU-preprocessed text record
TileEntities_HyliaDigCaves_North,50,17896,55,small chest,"tile_entity type=0x2, paramA=0x37, paramB=0x323f, paramC=0xb4",True,post-Vaati cleanup,Roc Cape and Mole Mitts; exclude out-of-bounds chest,EU-preprocessed text record
TileEntities_HyliaDigCaves_North,50,17897,56,small chest,"tile_entity type=0x2, paramA=0x38, paramB=0x323f, paramC=0xa73",False,post-Vaati cleanup,Roc Cape and Mole Mitts; exclude out-of-bounds chest,EU-preprocessed text record
TileEntities_HyliaDigCaves_North,50,17898,57,small chest,"tile_entity type=0x2, paramA=0x39, paramB=0x323f, paramC=0x4a0",True,post-Vaati cleanup,Roc Cape and Mole Mitts; exclude out-of-bounds chest,EU-preprocessed text record
TileEntities_CastorWildsDigCave_Main,50,17925,64,small chest,"tile_entity type=0x2, paramA=0x40, paramB=0x323f, paramC=0x46e",True,post-Vaati cleanup,Mole Mitts and access to named region,EU-preprocessed text record
TileEntities_VeilFallsDigCave_Main,50,18057,74,small chest,"tile_entity type=0x2, paramA=0x4a, paramB=0x323f, paramC=0x11b",True,post-Vaati cleanup,Mole Mitts and access to named region,EU-preprocessed text record
TileEntities_VeilFallsDigCave_Main,50,18058,75,small chest,"tile_entity type=0x2, paramA=0x4b, paramB=0x323f, paramC=0x810",True,post-Vaati cleanup,Mole Mitts and access to named region,EU-preprocessed text record
Entities_OuterFortressOfWinds_2F_0,1,18111,84,fixed ground item,"object_raw subtype=0x5, x=0x2f8, y=0xf8, collision=1, paramA=0x3f, paramB=0x102, paramC=0x540000",True,Fortress of Winds,Dungeon access; Mole Mitts for outer ground item,EU-preprocessed text record
TileEntities_Beanstalks_LakeHylia,200,19239,134,small chest,"tile_entity type=0x2, paramA=0x86, paramB=0xc83f, paramC=0x10d",True,post-Vaati cleanup,Region-specific fusion and beanstalk access; Roc Cape for Lake Hylia,EU-preprocessed text record
TileEntities_Beanstalks_EasternHills,200,19302,138,small chest,"tile_entity type=0x2, paramA=0x8a, paramB=0xc83f, paramC=0x181",True,post-Vaati cleanup,Region-specific fusion and beanstalk access; Roc Cape for Lake Hylia,EU-preprocessed text record
TileEntities_HyruleField_WesternWoodsNorth,100,20229,156,small chest,"tile_entity type=0x2, paramA=0x9c, paramB=0x643f, paramC=0x3ce",True,post-Vaati cleanup,Lantern; Percy house chest,EU-preprocessed text record
TileEntities_Caves_Boomerang,200,20324,7,small chest,"tile_entity type=0x2, paramA=0x7, paramB=0xc83f, paramC=0x452",True,post-Vaati cleanup,Tingle brothers fusions; Boomerang cave,EU-preprocessed text record
TileEntities_Caves_HyruleTownWaterfall,200,20559,14,small chest,"tile_entity type=0x2, paramA=0xe, paramB=0xc83f, paramC=0x87",True,post-Vaati cleanup,Flippers; reach waterfall cave,EU-preprocessed text record
TileEntities_Caves_HillsKeeseChest,20,20812,51,small chest,"tile_entity type=0x2, paramA=0x33, paramB=0x143f, paramC=0x87",True,post-Vaati cleanup,Bombs,EU-preprocessed text record
TileEntities_VeilFalls_Main,100,20976,161,small chest,"tile_entity type=0x2, paramA=0xa1, paramB=0x643f, paramC=0x58c",True,post-Vaati cleanup,Veil Falls access; bombs/clones or flippers as required by room,EU-preprocessed text record
TileEntities_VeilFallsCaves_SecretRoom,50,21070,74,small chest,"tile_entity type=0x2, paramA=0x4a, paramB=0x323f, paramC=0xc9",True,post-Vaati cleanup,Veil Falls access; bombs/clones or flippers as required by room,EU-preprocessed text record
TileEntities_VeilFallsCaves_SecretChest,50,21145,76,small chest,"tile_entity type=0x2, paramA=0x4c, paramB=0x323f, paramC=0x147",True,post-Vaati cleanup,Veil Falls access; bombs/clones or flippers as required by room,EU-preprocessed text record
Percy reward,100,169,MHOUSE08_00,NPC reward,src/npc/percy.c,True,post-Vaati cleanup,Lantern/monster event; claim before finishing all figurines,EU-preprocessed text record
Gregal reward,100,62,SORA_ELDER_TALK1ST,NPC reward,data/scripts/cloudTops/script_GregalSick.inc,True,Before Fortress of Winds,Town warp fusion; Gust Jar rescue and talk before Cloud Tops,EU-preprocessed text record
Mt. Crenel path to Melari,200,0,KAKERA_TAKARA_H,fusion-created chest,include/flags.h; src/gameData.c world event and commented chest tables,True,post-Vaati cleanup,"Required fusion, then named region access; exact earliest fusion milestone not certified",Flag documentation and world-event mapping; active PAL chest table is ROM-extracted binary
South Hyrule Field,200,0,KAKERA_TAKARA_P,fusion-created chest,include/flags.h; src/gameData.c world event and commented chest tables,True,post-Vaati cleanup,"Required fusion, then named region access; exact earliest fusion milestone not certified",Flag documentation and world-event mapping; active PAL chest table is ROM-extracted binary
North Hyrule Field,200,0,KAKERA_TAKARA_T,fusion-created chest,include/flags.h; src/gameData.c world event and commented chest tables,True,post-Vaati cleanup,"Required fusion, then named region access; exact earliest fusion milestone not certified",Flag documentation and world-event mapping; active PAL chest table is ROM-extracted binary
Wind Ruins Tektite room,200,0,KAKERA_TAKARA_Y,fusion-created chest,include/flags.h; src/gameData.c world event and commented chest tables,True,post-Vaati cleanup,"Required fusion, then named region access; exact earliest fusion milestone not certified",Flag documentation and world-event mapping; active PAL chest table is ROM-extracted binary
