phase,start_owned,start_shells,end_owned,end_shells,seconds,pulls,shells_used,visit_probability
0,0,70,0,70,0,0,0,0
1,0,270,0,270,0,0,0,0
2,0,840,16.9915,608.043,344.58,17.1424,231.957,1
3,16.9915,999,46.9862,138.733,676.391,33.5239,860.267,1
4,46.9862,998.731,52.9851,696.436,122.238,6.0085,302.295,1
5,52.9851,996.436,56.8608,799.017,81.2402,3.99256,197.419,1
6,56.8608,999,105.885,0.021254,2342.39,116.812,998.979,1
7,105.885,800.021,105.885,800.021,0,0,0,0
8,105.885,800.021,136,0,3649.63,129.96,1358.93,1
