region,pull_base_seconds,farming_rupees_per_minute,entry_inputs_per_second,policy,optimum_seconds,practical_seconds,regret_seconds,regret_percent
PAL,20,300,15,reference,7164.50060315366,7164.50060315366,0.0,0.0
PAL,20,300,15,earlier,7164.50060315366,7412.60427616597,248.10367301230963,3.462958365906197
PAL,20,300,15,missed_postgame,7164.50060315366,7694.948859787679,530.4482566340184,7.403841328459467
PAL,20,300,15,cap_reference,7164.50060315366,7711.977357861881,547.4767547082201,7.641520114706006
PAL,20,300,15,mid_reference,7164.50060315366,7623.93968562142,459.43908246775936,6.412716083316736
PAL,20,300,15,halfmid_reference,7164.50060315366,7528.531835525471,364.0312323718108,5.08104126910914
PAL,20,300,15,halfcap_reference,7164.50060315366,7438.775177289829,274.27457413616867,3.8282441349148444
PAL,20,300,15,balanced,7164.50060315366,7420.284125315581,255.7835221619207,3.5701514499046905
PAL,15,300,15,reference,5455.78169212641,5473.40069310171,17.61900097529997,0.3229418251966915
PAL,15,300,15,earlier,5455.78169212641,5680.171662901405,224.38997077499516,4.11288397222394
PAL,15,300,15,missed_postgame,5455.78169212641,6014.008063374684,558.2263712482736,10.231831160947772
PAL,15,300,15,cap_reference,5455.78169212641,6073.51463418887,617.7329420624601,11.322537757585687
PAL,15,300,15,mid_reference,5455.78169212641,5924.562196680789,468.78050455437915,8.59236184671587
PAL,15,300,15,halfmid_reference,5455.78169212641,5844.479935290827,388.69824316441645,7.124519731523934
PAL,15,300,15,halfcap_reference,5455.78169212641,5761.148478930284,305.36678680387377,5.597122539645753
PAL,15,300,15,balanced,5455.78169212641,5730.098341741141,274.3166496147305,5.027999012691701
PAL,25,300,15,reference,8800.39960357417,8855.600513205609,55.20090963143957,0.6272545806785914
PAL,25,300,15,earlier,8800.39960357417,9145.036889430536,344.63728585636636,3.916154963195039
PAL,25,300,15,missed_postgame,8800.39960357417,9375.889656200676,575.4900526265064,6.539362739764437
PAL,25,300,15,cap_reference,8800.39960357417,9350.440081534889,550.0404779607197,6.250176159470393
PAL,25,300,15,mid_reference,8800.39960357417,9323.31717456205,522.91757098788,5.941975302752204
PAL,25,300,15,halfmid_reference,8800.39960357417,9212.583735760118,412.18413218594833,4.683697908655705
PAL,25,300,15,halfcap_reference,8800.39960357417,9116.401875649375,316.00227207520584,3.5907718548015204
PAL,25,300,15,balanced,8800.39960357417,9110.469908890023,310.07030531585406,3.5233662024838392
PAL,20,250,15,reference,7170.99318486836,7177.207575292197,6.214390423837358,0.08666010779302445
PAL,20,250,15,earlier,7170.99318486836,7437.449010438886,266.45582557052603,3.715745067681548
PAL,20,250,15,missed_postgame,7170.99318486836,7784.933405516642,613.9402206482819,8.561439187304877
PAL,20,250,15,cap_reference,7170.99318486836,7824.102448247797,653.1092633794369,9.107654219468154
PAL,20,250,15,mid_reference,7170.99318486836,7693.139164586247,522.1459797178868,7.281362096671299
PAL,20,250,15,halfmid_reference,7170.99318486836,7592.530867510907,421.5376826425472,5.878372378487842
PAL,20,250,15,halfcap_reference,7170.99318486836,7494.450934020443,323.4577491520831,4.5106408667995535
PAL,20,250,15,balanced,7170.99318486836,7467.24398493129,296.25080006292956,4.131238064596877
PAL,20,350,15,reference,7151.32563145356,7155.424194483277,4.098563029716388,0.057311934051635746
PAL,20,350,15,earlier,7151.32563145356,7394.858037399602,243.53240594604176,3.405416261216202
PAL,20,350,15,missed_postgame,7151.32563145356,7630.674184266993,479.34855281343243,6.702932819967272
PAL,20,350,15,cap_reference,7151.32563145356,7631.888007586225,480.5623761326651,6.719906222966765
PAL,20,350,15,mid_reference,7151.32563145356,7574.511486360829,423.18585490726855,5.917586147188949
PAL,20,350,15,halfmid_reference,7151.32563145356,7482.818241250159,331.492609796599,4.635400859647621
PAL,20,350,15,halfcap_reference,7151.32563145356,7399.006779625105,247.68114817154492,3.4634298721089265
PAL,20,350,15,balanced,7151.32563145356,7386.7413684472185,235.41573699365836,3.2919174587468527
PAL,20,300,12,reference,7220.8484174157,7220.861733790158,0.013316374457644997,0.00018441564879727597
PAL,20,300,12,earlier,7220.8484174157,7466.11250172507,245.26408430936954,3.3966103445382685
PAL,20,300,12,missed_postgame,7220.8484174157,7749.60396507483,528.7555476591297,7.322623562957554
PAL,20,300,12,cap_reference,7220.8484174157,7772.613555332725,551.7651379170247,7.641278503870024
PAL,20,300,12,mid_reference,7220.8484174157,7681.018709623372,460.170292207672,6.372800889959192
PAL,20,300,12,halfmid_reference,7220.8484174157,7587.086280730849,366.2378633151484,5.071950581760347
PAL,20,300,12,halfcap_reference,7220.8484174157,7496.992967326801,276.1445499111005,3.8242673706468837
PAL,20,300,12,balanced,7220.8484174157,7477.390091543446,256.54167412774586,3.552791296781724
PAL,20,300,18,reference,7126.92549560918,7126.926516062663,0.0010204534828517353,1.4318284700470426e-05
PAL,20,300,18,earlier,7126.92549560918,7376.932125793237,250.00663018405703,3.507916988020758
PAL,20,300,18,missed_postgame,7126.92549560918,7658.512122929579,531.5866273203992,7.458849228154607
PAL,20,300,18,cap_reference,7126.92549560918,7671.55322621465,544.6277306054699,7.641832806320327
PAL,20,300,18,mid_reference,7126.92549560918,7585.887002953452,458.9615073442719,6.439824684950517
PAL,20,300,18,halfmid_reference,7126.92549560918,7489.495538721886,362.5700431127061,5.087327534658269
PAL,20,300,18,halfcap_reference,7126.92549560918,7399.963317265182,273.03782165600205,3.8310744489221564
PAL,20,300,18,balanced,7126.92549560918,7382.2134811636715,255.28798555449157,3.5820212476161237
NTSC-U,20,300,15,reference,6766.61768256026,6766.617682560259,-9.094947017729282e-13,-1.3440905699711501e-14
NTSC-U,20,300,15,earlier,6766.61768256026,6988.85358632397,222.23590376371067,3.284298214992754
NTSC-U,20,300,15,missed_postgame,6766.61768256026,7139.5291053164,372.9114227561404,5.51104614225882
NTSC-U,20,300,15,cap_reference,6766.61768256026,7136.52579912652,369.9081165662601,5.46666198564213
NTSC-U,20,300,15,mid_reference,6766.61768256026,7108.60679803862,341.98911547835996,5.054062923634291
NTSC-U,20,300,15,halfmid_reference,6766.61768256026,7023.22117594671,256.6034933864503,3.792197304833693
NTSC-U,20,300,15,halfcap_reference,6766.61768256026,6957.80836641265,191.19068385239007,2.8254985403586446
NTSC-U,20,300,15,balanced,6766.61768256026,6955.64816885038,189.03048629012028,2.793574207351959
NTSC-U,15,300,15,reference,5177.81103319617,5232.939407350984,55.12837415481408,1.0647042505292883
NTSC-U,15,300,15,earlier,5177.81103319617,5428.400898923285,250.58986572711547,4.839687352831624
NTSC-U,15,300,15,missed_postgame,5177.81103319617,5635.381438118585,457.57040492241504,8.837139903113943
NTSC-U,15,300,15,cap_reference,5177.81103319617,5668.1396366464205,490.32860345025074,9.469804909963655
NTSC-U,15,300,15,mid_reference,5177.81103319617,5582.474610350934,404.6635771547644,7.815340779344218
NTSC-U,15,300,15,halfmid_reference,5177.81103319617,5511.5854378308095,333.7744046346397,6.446245382358166
NTSC-U,15,300,15,halfcap_reference,5177.81103319617,5454.8407173878895,277.02968419171975,5.35032434392868
NTSC-U,15,300,15,balanced,5177.81103319617,5438.734155457811,260.92312226164086,5.039255403273721
NTSC-U,25,300,15,reference,8234.55668492447,8300.295957769536,65.73927284506681,0.7983340859796363
NTSC-U,25,300,15,earlier,8234.55668492447,8549.306273724656,314.74958880018676,3.8223015621037497
NTSC-U,25,300,15,missed_postgame,8234.55668492447,8643.676772514214,409.1200875897448,4.968331669132197
NTSC-U,25,300,15,cap_reference,8234.55668492447,8604.91196160662,370.35527668215036,4.497573953922541
NTSC-U,25,300,15,mid_reference,8234.55668492447,8634.738985726304,400.1823008018346,4.859791681736479
NTSC-U,25,300,15,halfmid_reference,8234.55668492447,8534.85691406261,300.3002291381399,3.6468293391910067
NTSC-U,25,300,15,halfcap_reference,8234.55668492447,8460.77601543741,226.21933051294036,2.7471950120532243
NTSC-U,25,300,15,balanced,8234.55668492447,8472.56218224295,238.00549731847968,2.8903255685179943
NTSC-U,20,250,15,reference,6818.34837435497,6828.910572492908,10.56219813793814,0.15490845521570093
NTSC-U,20,250,15,earlier,6818.34837435497,7064.852077629964,246.50370327499422,3.6152993326380747
NTSC-U,20,250,15,missed_postgame,6818.34837435497,7261.540989236218,443.1926148812481,6.499999568050454
NTSC-U,20,250,15,cap_reference,6818.34837435497,7275.563843100634,457.2154687456641,6.705663067398161
NTSC-U,20,250,15,mid_reference,6818.34837435497,7215.94284427122,397.5944699162501,5.831243111772848
NTSC-U,20,250,15,halfmid_reference,6818.34837435497,7127.3256808451615,308.97730649019195,4.531556463913034
NTSC-U,20,250,15,halfcap_reference,6818.34837435497,7058.302689541395,239.95431518642545,3.5192439871353103
NTSC-U,20,250,15,balanced,6818.34837435497,7049.028072115396,230.67969776042628,3.3832195877238243
NTSC-U,20,350,15,reference,6714.07242121907,6722.122761179796,8.050339960725978,0.11990248921479883
NTSC-U,20,350,15,earlier,6714.07242121907,6934.568949676832,220.496528457762,3.284095175394706
NTSC-U,20,350,15,missed_postgame,6714.07242121907,7052.377759659387,338.3053384403174,5.038750213225903
NTSC-U,20,350,15,cap_reference,6714.07242121907,7037.212910573582,323.1404893545123,4.8128835836393895
NTSC-U,20,350,15,mid_reference,6714.07242121907,7031.938193586762,317.86577236769244,4.734321473255389
NTSC-U,20,350,15,halfmid_reference,6714.07242121907,6948.860815304958,234.78839408588829,3.4969595106520748
NTSC-U,20,350,15,halfcap_reference,6714.07242121907,6886.026707034975,171.95428581590477,2.561102636791087
NTSC-U,20,350,15,balanced,6714.07242121907,6888.948237946797,174.8758167277274,2.604616181604656
