region,policy,expected_seconds,completion_probability,shop_only_trips,observable_entry_mismatch,pulls,dupes,used,received,retained,lost,refund,refundlost,farm,farmrupees,purchased,trips,endS,endR,farm_start_trips,farm_start_funded_trips
PAL,one,10420.4142866222,0.999999999999991,3.18926494267391e-08,0,521.020714269846,385.020714269867,521.020714269846,3591,1003.06143700842,2587.93856299158,998.99677491764,926.106796431795,1.07477935412958e-10,2.14955870825917e-09,1.17198239062404e-06,3.19170387331309e-08,482.040723910484,998.996763200085,,
PAL,guarantee,15288.1333333333,1,0,0,136,0,7533,3591,3513,78,0,0,2010,40200,4020,45,0,0,,
PAL,eighty,13100.5875861443,1,0.394940984271248,0,168.260290756252,32.2602907564502,6664.04897231952,3590.99999999797,3576.67858991706,14.321410080926,161.301453782217,6.63320541176848e-95,1543.24511793065,30864.9023586129,3101.87038123955,35.2952678780582,14.4999988349898,7.49999999999984,,
PAL,threshold9,7815.09745144932,1,1.44602161913982,0,346.490165355412,210.490165355927,2334.71173989615,3590.99999999872,2030.97489606644,1560.02510393291,1043.21928593157,9.23154084822459,107.616473192412,2152.32946384825,318.661643287928,4.42444145409715,14.9247994572914,8.93231690130781,0,0
PAL,threshold27,10711.9637138813,0.999999999999998,0.785124915359337,0,206.15011126535,70.1501112654497,5420.60429802101,3590.99999999958,3331.71102614885,259.288973850774,350.750556327107,1.3739527304564e-10,1032.75254001857,20655.0508003715,2099.83013566967,24.0007578762593,10.9368637971379,7.500000001963,0,0
PAL,optimal,7164.50060315366,1,0.829994327025178,0,338.21998201039,202.219982010607,3719.8878202012,3590.99999999991,3589.9996370375,1.00036296240099,1011.09514026373,0.00476978942751723,15.8837151731711,317.674303463422,129.899753662044,1.48714580115095,0.0115704938108278,29.7719071076651,0,0
NTSC-U,one,10420.4142866208,0.999999999999991,3.18937975373232e-08,0,521.020714269838,385.020714269863,521.020714269838,3591,1003.06143700842,2587.93856299158,998.996774915929,926.106796433497,1.73995608237329e-18,3.47991216474657e-17,1.17257839554346e-06,3.18937975382494e-08,482.04072391108,998.996767098869,,
NTSC-U,guarantee,11673.3333333333,1,0,0,136,0,7535,3591,3515,76,0,0,1340,26800,4020,34,0,0,,
NTSC-U,eighty,10281.9801023987,1,0.806091258537121,0,168.286578419906,32.2865784202071,6667.34778986526,3590.99999999791,3577.45119705792,13.5488029400106,161.432892101052,9.47564332379363e-59,1027.40598470291,20543.9702037461,3104.39658766499,26.7887406510679,14.4999948510187,9.42584474790041,,
NTSC-U,threshold10,7401.23850408022,1,1.64119330087805,0,332.992872176689,196.992872176875,2428.36710671603,3590.99999999966,2028.64724286374,1562.35275713608,978.797649556957,6.16671132739743,89.7099830342231,1794.19966049723,414.635966012009,4.47905163377295,14.9161021589462,8.75753664114575,0,0
NTSC-U,threshold27,8745.10035033221,0.999999999999998,0.263238855728343,0,206.149561482104,70.1495614822042,5420.55584531965,3590.99999999948,3331.66270198393,259.337298015608,350.747807410944,6.664154420518e-11,682.782130111535,13655.6426022307,2099.83356144619,18.0231266143819,10.9404181100288,7.50000000045845,0,0
NTSC-U,optimal,6766.61768256026,1,1.02473980983797,0,306.735655041855,170.735655042028,3950.93209799514,3590.99999999969,3589.91146220828,1.0885377914142,853.678117210272,0.000158000001495638,77.8661124158112,1557.32224831623,361.020858383404,3.10445839382137,0.000222593295307327,4.19464297107793,0,0
