region,route,expected_seconds,optimum_seconds,regret_seconds,regret_percent,observable_classifier_error_seconds_bound,retained,lost,purchased,farmrupees,trips,pulls,dupes
PAL,reference,7420.284125315582,7164.50060315366,255.78352216192152,3.570151449904702,2.5821487248196576e-28,3546.6796709082887,44.32032909161595,217.71990473725563,1173.9964903926973,2.4845908201963587,338.03715671488817,202.03715671501007
PAL,earlier,7642.696223976727,7276.03808179559,366.65814218113735,5.039255403273714,5.4455293894498695e-70,3434.537466564403,156.46253343552215,264.6733871704361,1620.7058241213342,2.9955852872346465,342.6233543212748,206.62335432140907
PAL,later,7443.55038735567,7155.060629252519,288.4897581031492,4.031968044040004,7.223502319918211e-28,3315.984961924909,275.0150380750094,218.12605922461978,1168.2212498537076,2.484844079312324,340.02703632811415,204.02703632824773
PAL,missed_early,7442.036205307851,7157.11503354578,284.9211717620703,3.9809500116545506,6.804441390361334e-28,3327.985102570512,263.0148974294387,218.10076457431342,1168.5566180608917,2.484808069305429,339.90804922750266,203.90804922762325
PAL,missed_late,7471.496714741624,7206.05332485661,265.4433898850131,3.68361678603447,7.999098777568452e-27,3346.679088882614,244.3209111173032,219.08113110872907,1171.709486210698,2.4930951678461173,341.24945761952466,205.24945761963227
PAL,fusion_early,6438.556720171275,6345.61272499396,92.94399517731485,1.464696936376673,2.003988922018827e-183,3589.9997415376415,1.0002584623396993,84.2503351110348,95.4185063693157,1.3992715540438125,305.97929695455224,169.97929695472448
PAL,fusion_late,7428.872826814,7164.50060315366,264.3722236603403,3.690030028666189,2.5821487248196576e-28,3546.6796709082887,44.32032909161595,218.1391734482704,1176.2404233689401,2.488270170566665,338.4259234233865,202.42592342349516
PAL,missed_postgame,7179.712380218025,6835.265875270341,344.4465049476849,5.039255403273714,3.685936319010528e-26,3356.679723556487,234.32027644341554,135.1577870025161,363.6970898282821,1.5418312961048393,339.0322389124156,203.03223891262957
NTSC-U,reference,6955.64816885038,6766.61768256026,189.03048629012028,2.7935742073519596,6.43877850935622e-17,3546.59730449984,44.4026954998986,474.9913348774965,2334.497581625392,4.088899830667657,303.38280267851377,167.382802678658
NTSC-U,earlier,7130.727858979867,6859.5815184086,271.1463405712667,3.9528116962180477,1.9030789284722205e-29,3434.4758381942197,156.52416180550756,520.2999384665248,2616.3938696681707,4.470319134333997,307.40586756010214,171.40586756027648
NTSC-U,later,6991.394191661333,6760.87662138199,230.51757027934372,3.409581082286097,3.0528718880680675e-16,3317.119213993061,273.8807860067474,475.22707149089183,2326.1719848716116,4.086532755835728,305.3583598544699,169.3583598545937
NTSC-U,missed_early,6989.444603277873,6763.90552869217,225.53907458570313,3.3344503945091626,3.031098347681672e-16,3328.3475760837628,262.652423916003,475.1642530828215,2326.3065354579994,4.08619145063552,305.2476648319114,169.247664832039
NTSC-U,missed_late,7017.1159162893655,6818.22221899746,198.89369729190483,2.9170902752000627,1.3496464893431305e-15,3345.833087677562,245.16691232222306,476.37361827668377,2327.75463395457,4.094361189261021,306.56680501345295,170.56680501357715
NTSC-U,fusion_early,6156.968322270839,6071.07244914001,85.89587313082934,1.4148385454203705,1.2384230526983297e-242,3589.9347865609097,1.0652134389850674,188.66550839272287,488.23706714132226,1.7092045367031012,294.2737188036852,158.27371880383927
NTSC-U,fusion_late,6962.408321619631,6766.61768256026,195.79063905937167,2.8934786660695617,6.43877850935622e-17,3546.59730449984,44.4026954998986,475.3240534122424,2335.116666457411,4.09134616339878,303.7032435500993,167.70324355022737
NTSC-U,missed_postgame,6804.150171647762,6480.61780044914,323.53237119862234,4.9923075416698675,5.3817565583238204e-15,3356.6574646294375,234.34253537033752,368.97159762460416,1604.7630928750598,3.1682743688566517,307.8738275276754,171.87382752784774
