region,route,policy,expected_seconds,regret_seconds,regret_percent,observable_entry_mismatch,retained,lost,purchased,farmrupees,trips,pulls,dupes
PAL,reference,rules:9:600:150:700:800:900:20:80,7788.02187956329,623.5212764096295,8.702927265232816,5.48557693071269e-166,3555.7739384815,35.2260615182691,557.1085610975,4764.54383628143,6.19009512330555,301.707329383225,165.707329383322
PAL,earlier,rules:9:600:150:700:800:900:20:80,7944.4085750471,668.3704932515102,9.185912521867516,1.0655814315364e-169,3410.2531641634,180.746835836358,567.432683374581,4838.25824020387,6.3048075930509,308.859853807902,172.859853808013
PAL,later,rules:9:600:150:700:800:900:20:80,7805.13423995723,650.0736107047105,9.085508067492405,1.56778669503255e-165,3341.38668328782,249.613316711853,557.327960593882,4759.92126507855,6.19253289548756,303.341087773238,167.341087773297
PAL,missed_early,rules:9:600:150:700:800:900:20:80,7810.34583860814,653.2308050623606,9.127012797763246,1.5676769097791e-165,3361.58309850914,229.41690149054,557.327909906823,4759.06692472899,6.19253233229803,303.546446494729,167.54644649484
PAL,missed_late,rules:9:600:150:700:800:900:20:80,7826.86584368442,620.81251882781,8.615152994863013,4.41108843657145e-166,3357.17663511945,233.823364880521,556.951024885635,4751.30768381982,6.18834472095147,304.499660631521,168.499660631556
PAL,fusion_early,rules:9:600:150:700:800:900:20:80,7393.03523380075,1047.4225088067897,16.506246980393634,1.06216387621902e-190,3552.15954912056,38.8404508792954,543.85585073947,4715.53228453669,6.0428427859941,282.913705336285,146.913705336365
PAL,fusion_late,rules:9:600:150:700:800:900:20:80,7813.9056311658,649.4050280121392,9.064205085366103,5.48557693071269e-166,3555.7739384815,35.2260615182691,565.543466854757,4848.89289385399,6.28381629838615,301.707329383231,165.707329383319
PAL,missed_postgame,rules:9:600:150:700:800:900:20:80,7353.75441165401,518.4885363836702,7.585491857157107,2.18978130151704e-164,3418.9611151768,172.038884823162,388.38137281942,3057.08894890255,4.31534858688245,306.612502483095,170.612502483168
NTSC-U,reference,rules:10:600:150:700:800:900:20:80,7173.9877235393,407.3700409790399,6.020290492086806,8.39521467661106e-165,3549.61089825885,41.3891017409747,655.651924689068,3600.36056267012,5.46376603907557,293.183925354678,157.183925354804
NTSC-U,earlier,rules:10:600:150:700:800:900:20:80,7330.97483267167,471.39331426307035,6.872041873079628,1.0655814315364e-169,3413.38540037937,177.614599620387,670.209450455542,3667.55653015467,5.58507875379619,299.886141471742,163.886141471814
NTSC-U,later,rules:10:600:150:700:800:900:20:80,7193.29071206995,432.4140906879602,6.395828749786747,1.56778669503255e-165,3341.38668328782,249.613316711853,655.198068677902,3592.13745426804,5.45998390564917,294.34108777328,158.3410877733
NTSC-U,missed_early,rules:10:600:150:700:800:900:20:80,7197.771452018,433.8659233258295,6.414429082212792,1.5676690363632e-165,3361.60838394361,229.391616056168,655.197948903609,3591.09694228181,5.45998290753008,294.572739742178,158.572739742285
NTSC-U,missed_late,rules:10:600:150:700:800:900:20:80,7220.21812113469,401.9959021372297,5.895904962105188,1.6978425281313e-165,3354.69376757059,236.3062324294,654.93336147642,3583.87078080378,5.4577780123035,295.797971438002,159.797971438052
NTSC-U,fusion_early,rules:10:600:150:700:800:900:20:80,6740.04529635451,668.9728472145007,11.019022632636565,2.59850135013577e-189,3545.46867329475,45.5313267050832,617.703710502157,3434.59981824621,5.14753092085131,274.52603145045,138.526031450519
NTSC-U,fusion_late,rules:10:600:150:700:800:900:20:80,7213.89974123851,447.28205867825,6.610127535815111,8.39521467661106e-165,3549.61089825885,41.3891017409747,673.725291194371,3720.84967270547,5.61437742661974,293.183925354676,157.183925354804
NTSC-U,missed_postgame,rules:10:600:150:700:800:900:20:80,6882.21469055788,401.5968901087399,6.196892062989845,8.42853998968176e-164,3415.29949095366,175.700509046324,483.852665436813,2433.68928589996,4.03210554530676,297.964218351046,161.964218351116
