region,spec,seconds
PAL,rules:9:600:150:700:800:900:20:60,7823.93580000013
NTSC-U,rules:10:600:150:700:800:900:20:60,7186.00173333307
PAL,rules:9:600:150:700:800:900:20:80,7787.32096666681
NTSC-U,rules:10:600:150:700:800:900:20:80,7172.08716666686
PAL,rules:9:600:150:700:800:900:20:100,7814.30790000029
NTSC-U,rules:10:600:150:700:800:900:20:100,7184.14650000023
PAL,rules:9:600:150:700:800:900:30:60,7900.0905666667
NTSC-U,rules:10:600:150:700:800:900:30:60,7269.71080000017
PAL,rules:9:600:150:700:800:900:30:80,7862.83796666661
NTSC-U,rules:10:600:150:700:800:900:30:80,7242.40813333321
PAL,rules:9:600:150:700:800:900:30:100,7878.75143333322
NTSC-U,rules:10:600:150:700:800:900:30:100,7245.5080666665
PAL,rules:9:600:150:700:800:900:40:60,7970.49989999979
NTSC-U,rules:10:600:150:700:800:900:40:60,7314.2251
PAL,rules:9:600:150:700:800:900:40:80,7929.56383333322
NTSC-U,rules:10:600:150:700:800:900:40:80,7272.60923333323
PAL,rules:9:600:150:700:800:900:40:100,7934.99426666679
NTSC-U,rules:10:600:150:700:800:900:40:100,7278.93956666645
PAL,rules:9:600:150:700:800:900:50:60,10153.8348333333
NTSC-U,rules:10:600:150:700:800:900:50:60,8801.7645
PAL,rules:9:600:150:700:800:900:50:80,10091.1129333333
NTSC-U,rules:10:600:150:700:800:900:50:80,8751.29233333317
PAL,rules:9:600:150:700:800:900:50:100,10090.5999999996
NTSC-U,rules:10:600:150:700:800:900:50:100,8737.22916666648
