region,threshold,seconds,residual,lower_bound_seconds,status
PAL,0,10420.4142866236,4.20466676587239e-07,10420.414285398258,solved
PAL,1,9806.94833874601,0,9806.947618731589,solved
PAL,2,9193.65527077289,0,9193.347618731581,solved
PAL,3,8890.60942263086,0,8886.480952064912,solved
PAL,4,8604.06640830643,0,8222.425379719574,solved
PAL,5,8121.55352712729,0,7607.892046386242,solved
PAL,6,8002.61173852747,0,7299.892046386242,solved
PAL,7,7989.03217306657,0,7039.7777606719565,solved
PAL,8,7821.32166273595,1.29019099404104e-07,6591.111094005289,solved
PAL,9,7815.09745146126,3.93089976569172e-07,6394.355538449733,solved
PAL,10,7845.12539304957,3.18021193379536e-07,6219.355538449732,solved
PAL,11,8004.12054613213,1.32113200379536e-08,5919.857578138185,solved
PAL,12,8092.35011075415,4.14620444644243e-08,5791.397392952999,solved
PAL,13,8291.83151490609,3.55139491148293e-08,5454.834439001273,solved
PAL,14,8400.05677644064,3.71979695046321e-07,5342.487613604448,solved
PAL,15,8532.61451482118,2.23762981477194e-07,5239.256132122965,solved
PAL,16,8787.70580035492,2.67276845988818e-07,5189.130256403449,solved
PAL,17,8927.8768077952,6.52053131489083e-08,5102.4683282988735,solved
PAL,18,9090.38537698866,4.19002390117384e-07,5025.3680196568985,solved
PAL,19,9392.59283630265,5.88821421843022e-07,4947.297128390828,solved
PAL,20,9550.14003249955,7.4354829848744e-08,4870.682830574249,solved
PAL,21,9724.8925118819,5.32423655386083e-07,4790.701034931982,solved
PAL,22,9947.32545371781,4.49188519269228e-07,4725.434093277795,solved
PAL,23,10025.8701448523,3.6033452488482e-07,4661.519279431351,solved
PAL,24,10185.7915985782,6.62623278913088e-07,4615.414186838759,solved
PAL,25,10274.9261874232,7.03457772033289e-07,4547.793010347037,solved
PAL,26,10590.3679817766,6.0783713706769e-07,4492.656921881492,solved
PAL,27,10711.9637138832,5.49105607206002e-07,4435.620447827252,solved
PAL,28,10841.8201446273,6.52571543469094e-07,4401.527590684395,solved
PAL,29,10987.1230157414,6.8227200245019e-07,4386.903110603747,solved
PAL,30,11239.0463664009,5.33260390511714e-07,4668.786986261932,solved
PAL,31,11351.5433305198,4.93990228278562e-07,4812.870857229673,solved
PAL,32,11475.4239399353,6.64118488202803e-07,4956.355579451894,solved
PAL,33,11617.4780909313,5.27079464518465e-07,5241.861303357618,solved
PAL,34,11911.5425582986,6.03164153289981e-07,5383.761303357618,solved
PAL,35,12012.0480337247,5.72590579395182e-07,5524.697811294125,solved
PAL,36,12158.6468565445,5.0902963266708e-07,5804.441021170671,solved
PAL,37,12319.5088315088,5.66844391869381e-07,5943.154534684183,solved
PAL,38,12425.1194902027,5.46104274690151e-07,6218.093715970734,solved
PAL,39,12695.0155694801,5.45858711120673e-07,6354.240154717172,solved
PAL,40,12832.251701042,5.77199898543768e-07,6488.990154717172,solved
PAL,41,12967.6579366294,5.3793155530002e-07,6755.561428429908,solved
PAL,42,13092.2549654473,5.42255293112248e-07,6887.319629488105,solved
PAL,43,13243.4378768221,5.58049578103237e-07,7017.49172251136,solved
PAL,44,13294.3658207253,4.51938831247389e-07,7274.554348773978,solved
PAL,45,13391.2665518871,4.27477061748505e-07,7401.393854946811,solved
PAL,46,13458.1691921863,5.0922972150147e-07,7526.49385494681,solved
PAL,47,13507.172295443,4.29658030043356e-07,7773.125533433802,solved
PAL,48,,,7894.615348248619,certified_dominated
PAL,49,,,8014.239838044541,certified_dominated
PAL,50,,,8249.684282488979,certified_dominated
PAL,51,,,8365.46946767416,certified_dominated
PAL,52,,,8593.100236904931,certified_dominated
PAL,53,,,8704.914911957341,certified_dominated
PAL,54,,,8814.699685619893,certified_dominated
PAL,55,,,9030.154231074437,certified_dominated
PAL,56,,,9135.79788186809,certified_dominated
PAL,57,,,9239.333164519165,certified_dominated
PAL,58,,,9442.140061070888,certified_dominated
PAL,59,,,9541.389401937176,certified_dominated
PAL,60,,,9638.46347601125,certified_dominated
PAL,61,,,9828.22085306043,certified_dominated
PAL,62,,,9920.885010766524,certified_dominated
PAL,63,,,10101.747797362648,certified_dominated
PAL,64,,,10189.929047362646,certified_dominated
PAL,65,,,10275.843577277174,certified_dominated
PAL,66,,,10443.107550341145,certified_dominated
PAL,67,,,10524.441878699352,certified_dominated
PAL,68,,,10603.464100921574,certified_dominated
PAL,69,,,10756.856693514168,certified_dominated
PAL,70,,,10831.213836371313,certified_dominated
PAL,71,,,10903.219157185082,certified_dominated
PAL,72,,,11042.501873234465,certified_dominated
PAL,73,,,11109.767626659122,certified_dominated
PAL,74,,,11174.646605638103,certified_dominated
PAL,75,,,11299.609568601067,certified_dominated
PAL,76,,,11359.683252811596,certified_dominated
PAL,77,,,11474.995229723569,certified_dominated
PAL,78,,,11530.224004652344,certified_dominated
PAL,79,,,11583.016409715634,certified_dominated
PAL,80,,,11683.71085416008,certified_dominated
PAL,81,,,11731.60440697215,certified_dominated
PAL,82,,,11777.036114289225,certified_dominated
PAL,83,,,11862.960076805964,certified_dominated
PAL,84,,,11903.44473289062,certified_dominated
PAL,85,,,11941.44473289062,certified_dominated
PAL,86,,,12012.461270358323,certified_dominated
PAL,87,,,12045.470976616303,certified_dominated
PAL,88,,,12106.480067525397,certified_dominated
PAL,89,,,12134.473076264476,certified_dominated
PAL,90,,,12159.948384906449,certified_dominated
PAL,91,,,12205.851681609747,certified_dominated
PAL,92,,,12226.27390383197,certified_dominated
PAL,93,,,12244.161120080476,certified_dominated
PAL,94,,,12274.854737101756,certified_dominated
PAL,95,,,12287.655906692402,certified_dominated
PAL,96,,,12297.906369655368,certified_dominated
PAL,97,,,12313.296060377015,certified_dominated
PAL,98,,,12318.430527497196,certified_dominated
PAL,99,,,12321.0,certified_dominated
PAL,100,,,12321.0,certified_dominated
NTSC-U,0,,,10420.414285398258,certified_dominated
NTSC-U,1,,,9795.080952064922,certified_dominated
NTSC-U,2,,,9169.747618731582,certified_dominated
NTSC-U,3,,,8841.662432593424,certified_dominated
NTSC-U,4,,,8117.225379719574,certified_dominated
NTSC-U,5,,,7491.892046386242,certified_dominated
NTSC-U,6,7782.96884238571,5.45018338016234e-07,7179.225379719575,solved
NTSC-U,7,7704.81407132437,6.11248651694041e-07,6914.177760671956,solved
NTSC-U,8,7506.26407649872,4.42231794295367e-07,6455.511094005289,solved
NTSC-U,9,7440.33158457212,2.86536305793561e-07,6253.955538449733,solved
NTSC-U,10,7401.2385040862,6.46838088869117e-07,6040.595683519888,solved
NTSC-U,11,7409.95225736245,4.75482920592185e-07,5781.232945714598,solved
NTSC-U,12,7436.80307505293,2.39768269238994e-07,5468.2776596113645,solved
NTSC-U,13,7479.84705004373,7.52401319914497e-07,5255.323813457517,solved
NTSC-U,14,7516.90301468358,4.85300915897824e-07,5159.685718219423,solved
NTSC-U,15,7588.28114858248,7.11003849573899e-07,5073.3968293305325,solved
NTSC-U,16,7696.74015324816,4.31256921729073e-07,4917.096829330532,solved
NTSC-U,17,7772.85403025087,6.75378032610752e-07,4846.088986193278,solved
NTSC-U,18,7856.72671842131,7.96761923993472e-07,4781.392689896981,solved
NTSC-U,19,8031.7152476693,6.51484697300475e-07,4663.224268844348,solved
NTSC-U,20,8117.97119465716,7.70037331676576e-07,4609.090935511014,solved
NTSC-U,21,8219.26406465405,5.78183062316384e-07,4559.4655386856175,solved
NTSC-U,22,8322.49162869514,7.42089468985796e-07,4468.350387170466,solved
NTSC-U,23,8361.66514298952,6.15612407273147e-07,4426.47792340235,solved
NTSC-U,24,8446.19348560336,5.45875082025304e-07,4387.955701180129,solved
NTSC-U,25,8498.87833147788,5.76095771975815e-07,4317.0223678467955,solved
NTSC-U,26,8669.49356788764,6.07789843343198e-07,4284.350572975,solved
NTSC-U,27,8745.10035033388,6.53357346891426e-07,4224.133289024384,solved
NTSC-U,28,8813.87497624267,5.91186108067632e-07,4196.380908072003,solved
NTSC-U,29,8903.94153100876,4.94948835694231e-07,4181.402566071293,solved
NTSC-U,30,9073.27491929374,6.32877345196903e-07,4335.939166599341,solved
NTSC-U,31,9105.93084264789,6.3819061324466e-07,4427.663897782137,solved
NTSC-U,32,9191.78753012367,6.4483901951462e-07,4519.505564448804,solved
NTSC-U,33,9281.38014576847,6.07298716204241e-07,4703.16617050941,solved
NTSC-U,34,9469.67738506276,4.52424501418136e-07,4794.868131293724,solved
NTSC-U,35,9547.0164009693,6.07781657890882e-07,4886.334797960391,solved
NTSC-U,36,9608.80590397212,6.00166458752938e-07,5068.601464627058,solved
NTSC-U,37,9725.01951370889,5.66855305805802e-07,5159.311374536968,solved
NTSC-U,38,9783.32751317266,5.86118403589353e-07,5339.718392080829,solved
NTSC-U,39,9960.57454781774,5.45578586752526e-07,5429.338904901342,solved
NTSC-U,40,10072.6512844648,5.77198079554364e-07,5518.238904901342,solved
NTSC-U,41,10130.3323119117,4.63993274024688e-07,5694.599880511096,solved
NTSC-U,42,10257.2029299275,5.45771399629302e-07,5781.999880511095,solved
NTSC-U,43,10318.5711274009,5.5804594012443e-07,5868.562671208769,solved
NTSC-U,44,10369.5139504341,5.07930963067338e-07,6039.908125754224,solved
NTSC-U,45,10428.5031490285,5.28736563865095e-07,6124.641459087557,solved
NTSC-U,46,10466.2867460816,4.36264599557035e-07,6208.389285174513,solved
NTSC-U,47,10493.9506538662,4.71012754132971e-07,6373.827583046854,solved
NTSC-U,48,10537.3394047367,4.86872522742487e-07,6455.477583046853,solved
NTSC-U,49,10537.3394047367,3.94296876038425e-07,6536.02044018971,solved
NTSC-U,50,10613.3136464757,4.50716470368207e-07,6694.687106856378,solved
NTSC-U,51,10674.2767958106,4.66507117380388e-07,6772.843969601476,solved
NTSC-U,52,10695.4081555999,3.30308466800489e-07,6926.741405498913,solved
NTSC-U,53,10750.2227769585,3.69138433597982e-07,7002.452097322814,solved
NTSC-U,54,10810.8642691681,3.97965777665377e-07,7076.896541767259,solved
NTSC-U,55,10861.2563429402,3.6229903344065e-07,7223.199572070291,solved
NTSC-U,56,10887.7871262934,4.01667421101592e-07,7295.032905403625,solved
NTSC-U,57,10905.7971002752,3.0239243642427e-07,7365.5241334738,solved
NTSC-U,58,,,7503.777007037019,certified_dominated
NTSC-U,59,,,7571.517120031369,certified_dominated
NTSC-U,60,,,7637.783786698035,certified_dominated
NTSC-U,61,,,7767.464661014974,certified_dominated
NTSC-U,62,,,7830.860359939705,certified_dominated
NTSC-U,63,,,7954.72702660637,certified_dominated
NTSC-U,64,,,8015.181193273036,certified_dominated
NTSC-U,65,,,8074.140167632011,certified_dominated
NTSC-U,66,,,8189.03713732898,certified_dominated
NTSC-U,67,,,8244.960520413557,certified_dominated
NTSC-U,68,,,8299.344834139047,certified_dominated
NTSC-U,69,,,8405.008602254988,certified_dominated
NTSC-U,70,,,8456.208602254988,certified_dominated
NTSC-U,71,,,8505.831137466257,certified_dominated
NTSC-U,72,,,8601.897804132926,certified_dominated
NTSC-U,73,,,8648.330680845256,certified_dominated
NTSC-U,74,,,8693.152302466879,certified_dominated
NTSC-U,75,,,8779.55230246688,certified_dominated
NTSC-U,76,,,8821.120723519512,certified_dominated
NTSC-U,77,,,8900.975268974058,certified_dominated
NTSC-U,78,,,8939.252192050983,certified_dominated
NTSC-U,79,,,8975.86991356997,certified_dominated
NTSC-U,80,,,9045.636580236636,certified_dominated
NTSC-U,81,,,9078.843987644044,certified_dominated
NTSC-U,82,,,9110.367564879816,certified_dominated
NTSC-U,83,,,9170.031821907927,certified_dominated
NTSC-U,84,,,9198.16515524126,certified_dominated
NTSC-U,85,,,9224.592606221653,certified_dominated
NTSC-U,86,,,9274.022063585995,certified_dominated
NTSC-U,87,,,9297.017465884845,certified_dominated
NTSC-U,88,,,9339.556859824239,certified_dominated
NTSC-U,89,,,9359.094687539597,certified_dominated
NTSC-U,90,,,9376.82802087293,certified_dominated
NTSC-U,91,,,9408.807508052418,certified_dominated
NTSC-U,92,,,9423.048087762563,certified_dominated
NTSC-U,93,,,9435.534109267937,certified_dominated
NTSC-U,94,,,9456.98659153744,certified_dominated
NTSC-U,95,,,9465.947995046212,certified_dominated
NTSC-U,96,,,9473.139661712878,certified_dominated
NTSC-U,97,,,9483.974025974043,certified_dominated
NTSC-U,98,,,9487.612121212136,certified_dominated
NTSC-U,99,,,9489.466666666682,certified_dominated
NTSC-U,100,,,9489.466666666682,certified_dominated
